1,264050,Sangeang Api,22228,,2017,7,15,2017,7,30,-8.2,119.07
2,263200,Dieng Volcanic Complex,22227,,2017,7,2,2017,7,2,-7.2,109.92
3,261140,Marapi,22226,,2017,6,4,2017,6,4,-0.381,100.473
4,262000,Krakatau,22188,,2017,2,19,2017,2,19,-6.102,105.423
5,261170,Kerinci,22172,1,2016,11,15,2016,11,21,-1.697,101.264
6,268060,Gamalama,22150,1,2016,8,3,2016,8,4,0.8,127.33
7,264030,Rinjani,22149,2,2016,8,1,2016,9,27,-8.42,116.47
8,261170,Kerinci,22125,2,2016,3,31,2016,6,9,-1.697,101.264
9,266030,Soputan,22105,3,2016,1,2,2016,2,7,1.112,124.737
10,261140,Marapi,22111,1,2015,11,14,2015,11,14,-0.381,100.473
11,263310,Tengger Caldera,22103,2,2015,11,12,2016,11,12,-7.942,112.95
12,264030,Rinjani,22104,2,2015,10,25,2015,12,24,-8.42,116.47
13,266100,Lokon-Empung,21093,1,2015,8,30,2015,9,28,1.358,124.792
14,268060,Gamalama,21087,2,2015,7,16,2015,9,8,0.8,127.33
15,264270,Sirung,21086,1,2015,7,7,2015,7,8,-8.508,124.13
16,266100,Lokon-Empung,21071,1,2015,5,20,2015,5,27,1.358,124.792
17,263340,Raung,21070,3,2015,2,1,2015,8,22,-8.119,114.056
18,266030,Soputan,20988,3,2015,1,6,2015,3,7,1.112,124.737
19,268060,Gamalama,20989,2,2014,12,18,2014,12,25,0.8,127.33
20,267020,Karangetang,20914,2,2014,6,8,2016,3,15,2.781,125.407
21,264050,Sangeang Api,20911,3,2014,5,30,2015,11,5,-8.2,119.07
22,263300,Semeru,22221,,2014,4,1,2017,7,10,-8.108,112.922
23,262000,Krakatau,20932,1,2014,3,31,2014,3,31,-6.102,105.423
24,263250,Merapi,20892,3,2014,3,9,2014,4,20,-7.542,110.442
25,263180,Slamet,20933,2,2014,3,8,2014,9,17,-7.242,109.208
26,263280,Kelut,20934,4,2014,2,13,2014,2,15,-7.93,112.308
27,267020,Karangetang,20913,1,2014,2,9,2014,2,9,2.781,125.407
28,261140,Marapi,20931,1,2014,2,3,2014,2,26,-0.381,100.473
29,263250,Merapi,20842,2,2013,11,18,2013,11,18,-7.542,110.442
30,263090,Tangkubanparahu,20987,1,2013,10,5,2013,10,5,-6.77,107.6
31,261080,Sinabung,20818,2,2013,9,15,2017,8,4,3.17,98.392
32,264250,Iliwerung,20912,0,2013,8,20,2013,8,20,-8.53,123.57
33,263300,Semeru,22220,,2013,6,4,2013,11,29,-8.108,112.922
34,261170,Kerinci,22216,2,2013,6,2,2013,6,2,-1.697,101.264
35,263090,Tangkubanparahu,20822,2,2013,2,21,2013,3,6,-6.77,107.6
36,264150,Paluweh,20806,2,2012,10,8,2013,10,31,-8.32,121.708
37,261140,Marapi,20797,1,2012,9,26,2012,9,26,-0.381,100.473
38,268060,Gamalama,20766,1,2012,9,15,2012,9,17,0.8,127.33
39,266100,Lokon-Empung,20794,2,2012,9,15,2013,9,9,1.358,124.792
40,266030,Soputan,20821,3,2012,8,26,2012,9,19,1.112,124.737
41,267020,Karangetang,20776,2,2012,5,14,2013,9,5,2.781,125.407
42,264270,Sirung,20819,2,2012,5,8,2012,5,12,-8.508,124.13
43,261140,Marapi,20796,1,2012,3,1,2012,5,18,-0.381,100.473
44,264230,Lewotolo,20791,1,2012,1,2,2012,1,14,-8.272,123.505
45,261170,Kerinci,22217,1,2011,12,15,2011,12,15,-1.697,101.264
46,268060,Gamalama,20765,2,2011,12,5,2011,12,23,0.8,127.33
47,261140,Marapi,20795,2,2011,8,3,2011,10,12,-0.381,100.473
48,262000,Krakatau,20787,2,2011,7,31,2012,9,9,-6.102,105.423
49,266030,Soputan,20820,3,2011,7,3,2011,8,15,1.112,124.737
50,266100,Lokon-Empung,20793,2,2011,6,26,2012,5,1,1.358,124.792
51,263300,Semeru,22219,,2011,5,13,2012,7,20,-8.108,112.922
52,267020,Karangetang,20775,2,2011,3,11,2011,8,13,2.781,125.407
53,266100,Lokon-Empung,20792,1,2011,2,22,2011,2,22,1.358,124.792
54,263310,Tengger Caldera,16064,3,2010,11,26,2012,6,13,-7.942,112.95
55,263250,Merapi,15925,4,2010,10,26,2012,7,15,-7.542,110.442
56,262000,Krakatau,15634,2,2010,10,25,2011,3,9,-6.102,105.423
57,261080,Sinabung,15404,2,2010,8,27,2010,9,18,3.17,98.392
58,267020,Karangetang,16544,3,2010,8,6,2010,12,16,2.781,125.407
59,263300,Semeru,22218,,2010,1,5,2010,11,29,-8.108,112.922
60,263200,Dieng Volcanic Complex,15793,1,2009,9,27,2009,9,27,-7.2,109.92
61,264030,Rinjani,16227,2,2009,5,2,2010,5,23,-8.42,116.47
62,263180,Slamet,15765,1,2009,4,21,2009,6,22,-7.242,109.208
63,261170,Kerinci,15533,1,2009,4,1,2009,6,19,-1.697,101.264
64,262000,Krakatau,15633,2,2009,3,25,2009,9,16,-6.102,105.423
65,263200,Dieng Volcanic Complex,15792,1,2009,1,15,2009,1,15,-7.2,109.92
66,261230,Dempo,15575,1,2009,1,1,2009,1,1,-4.03,103.13
67,267020,Karangetang,16543,2,2008,11,29,2010,3,24,2.781,125.407
68,263340,Raung,16166,2,2008,6,12,2008,6,17,-8.119,114.056
69,266030,Soputan,16439,3,2008,6,6,2008,11,2,1.112,124.737
70,264160,Egon,16278,2,2008,4,15,2008,4,28,-8.676,122.455
71,268030,Ibu,16582,1,2008,4,5,2017,6,19,1.488,127.63
72,261170,Kerinci,15532,1,2008,3,24,,,,-1.697,101.264
73,261160,Talang,15499,2,2007,11,27,2007,12,16,-0.979,100.681
74,262000,Krakatau,15626,2,2007,10,23,2008,8,30,-6.102,105.423
75,263280,Kelut,15958,2,2007,10,16,2008,4,16,-7.93,112.308
76,261170,Kerinci,15531,1,2007,9,9,2007,9,9,-1.697,101.264
77,263340,Raung,16165,2,2007,7,26,2007,8,26,-8.119,114.056
78,268040,Gamkonora,16595,2,2007,7,8,2007,7,16,1.38,127.53
79,266030,Soputan,16438,3,2007,6,16,2007,11,9,1.112,124.737
80,261160,Talang,15498,2,2007,3,19,2007,6,22,-0.979,100.681
81,264260,"Tara, Batu",16353,2,2007,1,17,2015,11,26,-7.791,123.585
82,266030,Soputan,16434,1,2006,12,14,2006,12,26,1.112,124.737
83,261230,Dempo,15574,1,2006,9,25,2006,9,25,-4.03,103.13
84,261160,Talang,15497,1,2006,9,10,2006,9,10,-0.979,100.681
85,267020,Karangetang,16541,1,2006,7,3,2007,10,16,2.781,125.407
86,263250,Merapi,15923,1,2006,3,16,2007,8,9,-7.542,110.442
87,266030,Soputan,16433,1,2005,12,26,2006,1,24,1.112,124.737
88,266020,Ambang,20947,1,2005,12,22,,,,0.75,124.42
89,266030,Soputan,16437,2,2005,4,19,2005,7,18,1.112,124.737
90,261160,Talang,15496,2,2005,4,12,2005,7,18,-0.979,100.681
91,264160,Egon,16277,1,2005,2,6,2005,2,27,-8.676,122.455
92,266030,Soputan,16436,3,2004,10,18,2004,12,27,1.112,124.737
93,264030,Rinjani,16226,2,2004,10,1,2004,10,5,-8.42,116.47
94,261140,Marapi,15479,2,2004,8,5,2004,8,5,-0.381,100.473
95,264160,Egon,16276,2,2004,7,3,2004,9,16,-8.676,122.455
96,261170,Kerinci,15529,2,2004,6,22,2004,10,24,-1.697,101.264
97,263310,Tengger Caldera,16063,2,2004,6,8,2004,6,24,-7.942,112.95
98,267040,Awu,16570,2,2004,6,2,2004,8,16,3.67,125.5
99,268030,Ibu,16581,0,2004,5,16,2005,2,22,1.488,127.63
100,267020,Karangetang,16540,2,2004,4,2,2005,8,5,2.781,125.407
101,264160,Egon,16275,1,2004,1,29,2004,2,5,-8.676,122.455
102,266100,Lokon-Empung,16463,3,2003,9,12,2003,9,12,1.358,124.792
103,268060,Gamalama,16675,2,2003,7,31,2003,10,2,0.8,127.33
104,263200,Dieng Volcanic Complex,15791,1,2003,7,16,2003,7,16,-7.2,109.92
105,264200,Leroboleng,16308,3,2003,6,26,2003,7,29,-8.365,122.833
106,264180,Lewotobi,16304,2,2003,5,30,2003,9,1,-8.542,122.775
107,266100,Lokon-Empung,16462,2,2002,12,23,2003,4,1,1.358,124.792
108,263100,Papandayan,15688,2,2002,11,11,2002,12,19,-7.32,107.73
109,264180,Lewotobi,16300,1,2002,10,12,2002,10,12,-8.542,122.775
110,267010,Ruang,16493,4,2002,9,25,2002,9,29,2.3,125.37
111,263340,Raung,16162,2,2002,6,16,2002,8,25,-8.119,114.056
112,266100,Lokon-Empung,16461,2,2002,2,9,2002,5,16,1.358,124.792
113,261160,Talang,15494,1,2001,9,25,2001,11,15,-0.979,100.681
114,262000,Krakatau,15625,1,2001,7,21,2001,9,17,-6.102,105.423
115,268030,Ibu,16580,0,2001,5,28,2001,10,3,1.488,127.63
116,261170,Kerinci,15528,2,2001,5,12,2002,8,27,-1.697,101.264
117,261140,Marapi,15478,2,2001,4,13,2001,6,5,-0.381,100.473
118,264090,Inielika,16258,2,2001,1,11,2001,3,16,-8.73,120.98
119,261030,Peuet Sague,15395,2,2000,12,25,2000,12,26,4.914,96.329
120,263310,Tengger Caldera,16062,2,2000,11,29,2001,1,15,-7.942,112.95
121,261220,Kaba,15548,1,2000,8,22,2000,8,27,-3.522,102.615
122,263340,Raung,16161,2,2000,7,9,2000,7,9,-8.119,114.056
123,262000,Krakatau,15624,1,2000,5,29,2000,10,30,-6.102,105.423
124,266030,Soputan,16435,2,2000,5,13,2003,9,4,1.112,124.737
125,266100,Lokon-Empung,16460,2,2000,5,10,2001,8,18,1.358,124.792
126,261140,Marapi,15477,2,2000,3,11,2000,4,3,-0.381,100.473
127,263340,Raung,16156,2,1999,7,30,,,,-8.119,114.056
128,263350,Ijen,16175,1,1999,6,28,1999,6,28,-8.058,114.242
129,264250,Iliwerung,16350,0,1999,5,22,1999,9,16,-8.53,123.57
130,263180,Slamet,15763,1,1999,5,1,1999,9,16,-7.242,109.208
131,261140,Marapi,15476,2,1999,4,16,1999,9,16,-0.381,100.473
132,264180,Lewotobi,16299,2,1999,3,31,1999,7,1,-8.542,122.775
133,261170,Kerinci,15527,2,1999,3,16,1999,9,16,-1.697,101.264
134,267020,Karangetang,16539,3,1999,3,16,2003,10,28,2.781,125.407
135,264010,Batur,16206,1,1999,3,15,2000,6,16,-8.242,115.375
136,261030,Peuet Sague,15394,1,1999,3,9,1999,4,30,4.914,96.329
137,262000,Krakatau,15623,2,1999,2,5,1999,8,16,-6.102,105.423
138,268030,Ibu,16579,2,1998,12,18,1999,9,16,1.488,127.63
139,261170,Kerinci,15526,2,1998,11,3,,,,-1.697,101.264
140,267020,Karangetang,16538,1,1998,7,5,,,,2.781,125.407
141,261170,Kerinci,15525,2,1998,7,4,1998,7,4,-1.697,101.264
142,264010,Batur,16205,1,1998,7,4,,,,-8.242,115.375
143,261030,Peuet Sague,15393,1,1998,4,19,1998,4,26,4.914,96.329
144,264050,Sangeang Api,16252,2,1997,7,2,1999,7,2,-8.2,119.07
145,263340,Raung,16155,2,1997,4,16,,,,-8.119,114.056
146,262000,Krakatau,15622,2,1997,3,16,1997,5,16,-6.102,105.423
147,263200,Dieng Volcanic Complex,15790,1,1996,12,31,1996,12,31,-7.2,109.92
148,267020,Karangetang,16537,1,1996,10,1,1997,6,16,2.781,125.407
149,261170,Kerinci,15522,1,1996,8,16,1996,10,16,-1.697,101.264
150,262000,Krakatau,15619,2,1996,7,16,1996,10,16,-6.102,105.423
151,268060,Gamalama,16674,2,1996,7,2,,,,0.8,127.33
152,267020,Karangetang,16536,1,1995,11,9,1995,12,17,2.781,125.407
153,263310,Tengger Caldera,16061,1,1995,9,9,1995,12,16,-7.942,112.95
154,263340,Raung,16153,1,1995,3,16,1995,3,16,-8.119,114.056
155,263310,Tengger Caldera,16060,1,1995,3,3,1995,5,26,-7.942,112.95
156,261230,Dempo,15573,1,1994,10,16,1994,10,16,-4.03,103.13
157,264010,Batur,16204,1,1994,8,7,1994,8,14,-8.242,115.375
158,263340,Raung,16152,1,1994,7,14,1994,7,14,-8.119,114.056
159,264030,Rinjani,16224,3,1994,6,3,1994,11,21,-8.42,116.47
160,262000,Krakatau,15618,2,1994,3,19,1995,6,16,-6.102,105.423
161,263350,Ijen,16174,1,1994,2,3,1994,2,3,-8.058,114.242
162,268060,Gamalama,16673,2,1994,1,16,1994,10,15,0.8,127.33
163,264250,Iliwerung,16349,2,1993,9,15,1993,9,19,-8.53,123.57
164,263350,Ijen,16173,1,1993,7,3,1993,8,1,-8.058,114.242
165,264220,Iliboleng,16328,1,1993,6,16,1993,7,16,-8.342,123.258
166,268060,Gamalama,16672,2,1993,5,6,1993,5,21,0.8,127.33
167,263340,Raung,16151,1,1993,4,1,,,,-8.119,114.056
168,263200,Dieng Volcanic Complex,15789,1,1993,1,23,1993,1,23,-7.2,109.92
169,262000,Krakatau,15617,1,1992,11,7,1993,10,16,-6.102,105.423
170,267040,Awu,16569,1,1992,4,7,,,,3.67,125.5
171,263250,Merapi,15922,2,1992,1,20,2002,10,19,-7.542,110.442
172,264220,Iliboleng,16327,1,1991,11,3,1991,11,15,-8.342,123.258
173,263340,Raung,16150,2,1991,9,10,1991,11,12,-8.119,114.056
174,261030,Peuet Sague,15376,2,1991,7,2,,,,4.914,96.329
175,267020,Karangetang,16535,2,1991,7,2,1993,12,31,2.781,125.407
176,266030,Soputan,16432,2,1991,5,22,1996,9,29,1.112,124.737
177,266100,Lokon-Empung,16459,3,1991,5,17,1992,1,16,1.358,124.792
178,264180,Lewotobi,16298,1,1991,5,11,1992,12,31,-8.542,122.775
179,264220,Iliboleng,16326,1,1991,5,8,1991,6,30,-8.342,123.258
180,264071,Ranakah,16255,1,1991,3,16,,,,-8.62,120.52
181,261170,Kerinci,15521,2,1990,12,31,,,,-1.697,101.264
182,268060,Gamalama,16670,3,1990,4,25,1990,4,26,0.8,127.33
183,263280,Kelut,15957,4,1990,2,10,1990,3,13,-7.93,112.308
184,264180,Lewotobi,16297,1,1990,1,28,1990,6,16,-8.542,122.775
185,263340,Raung,16149,2,1990,1,16,1990,12,16,-8.119,114.056
186,267020,Karangetang,16534,1,1989,7,16,1989,7,16,2.781,125.407
187,266030,Soputan,16431,2,1989,4,22,1989,4,23,1.112,124.737
188,268070,Makian,16689,3,1988,7,29,1988,8,5,0.32,127.4
189,263180,Slamet,15762,1,1988,7,12,1988,7,13,-7.242,109.208
190,265090,Banda Api,16420,3,1988,5,9,1988,5,17,-4.523,129.881
191,266100,Lokon-Empung,16458,1,1988,4,21,1988,5,1,1.358,124.792
192,262000,Krakatau,15616,2,1988,2,14,1988,4,16,-6.102,105.423
193,268060,Gamalama,16669,2,1988,2,12,1988,3,16,0.8,127.33
194,264071,Ranakah,16254,3,1987,12,28,1989,4,16,-8.62,120.52
195,264220,Iliboleng,16325,2,1987,10,2,1987,10,2,-8.342,123.258
196,263340,Raung,16148,1,1987,5,16,1989,7,28,-8.119,114.056
197,268040,Gamkonora,16594,1,1987,4,13,1987,4,26,1.38,127.53
198,261140,Marapi,15475,2,1987,1,15,1994,8,12,-0.381,100.473
199,263250,Merapi,15917,2,1986,10,10,1990,8,16,-7.542,110.442
200,263200,Dieng Volcanic Complex,15788,1,1986,8,6,1986,8,6,-7.2,109.92
201,261120,Sorikmarapi,15414,1,1986,7,5,1986,7,14,0.686,99.539
202,261030,Peuet Sague,15375,2,1986,7,2,,,,4.914,96.329
203,264220,Iliboleng,16324,1,1986,5,28,1986,11,24,-8.342,123.258
204,266100,Lokon-Empung,16457,2,1986,3,22,1987,5,13,1.358,124.792
205,263340,Raung,16147,2,1985,8,23,1986,2,28,-8.119,114.056
206,264050,Sangeang Api,16251,3,1985,7,30,1988,2,16,-8.2,119.07
207,266030,Soputan,16430,2,1985,5,19,1985,5,20,1.112,124.737
208,264150,Paluweh,16272,1,1985,2,3,1985,2,3,-8.32,121.708
209,261140,Marapi,15474,1,1984,11,15,1984,11,15,-0.381,100.473
210,266030,Soputan,16429,3,1984,5,24,1984,8,31,1.112,124.737
211,263310,Tengger Caldera,16059,1,1984,5,12,1984,5,31,-7.942,112.95
212,264150,Paluweh,16271,2,1984,5,9,1984,5,21,-8.32,121.708
213,263140,Galunggung,15722,1,1984,1,9,1984,1,31,-7.25,108.058
214,263310,Tengger Caldera,16058,1,1983,12,21,1983,12,21,-7.942,112.95
215,263090,Tangkubanparahu,15683,1,1983,9,14,,,,-6.77,107.6
216,264250,Iliwerung,16348,1,1983,8,17,1983,8,18,-8.53,123.57
217,268060,Gamalama,16668,3,1983,8,9,1983,8,12,0.8,127.33
218,266010,Colo,16423,4,1983,7,18,1983,12,16,-0.162,121.601
219,261140,Marapi,15472,1,1983,7,2,,,,-0.381,100.473
220,267020,Karangetang,16533,3,1983,5,16,1988,12,31,2.781,125.407
221,264220,Iliboleng,16323,2,1983,5,11,1984,4,13,-8.342,123.258
222,261140,Marapi,15471,1,1982,12,16,1982,12,16,-0.381,100.473
223,264220,Iliboleng,16322,2,1982,11,17,1982,11,17,-8.342,123.258
224,266030,Soputan,16428,3,1982,8,26,1982,11,10,1.112,124.737
225,263340,Raung,16146,3,1982,7,18,1982,7,20,-8.119,114.056
226,267020,Karangetang,16532,1,1982,7,2,,,,2.781,125.407
227,263140,Galunggung,15721,4,1982,4,5,1983,1,8,-7.25,108.058
228,261140,Marapi,15470,1,1982,3,10,1982,5,16,-0.381,100.473
229,263200,Dieng Volcanic Complex,15787,1,1981,7,2,,,,-7.2,109.92
230,262000,Krakatau,15615,1,1981,4,24,1981,10,20,-6.102,105.423
231,268040,Gamkonora,16593,1,1981,3,4,1981,7,25,1.38,127.53
232,264150,Paluweh,16270,2,1980,11,5,1981,9,16,-8.32,121.708
233,268060,Gamalama,16667,2,1980,9,4,1980,9,23,0.8,127.33
234,263310,Tengger Caldera,16056,2,1980,6,5,1980,9,20,-7.942,112.95
235,261140,Marapi,15469,1,1980,3,29,,,,-0.381,100.473
236,267020,Karangetang,16531,1,1980,3,24,1980,9,13,2.781,125.407
237,262000,Krakatau,15614,2,1980,3,15,1980,12,16,-6.102,105.423
238,262000,Krakatau,15613,2,1979,7,15,1979,11,16,-6.102,105.423
239,261030,Peuet Sague,15392,2,1979,7,2,,,,4.914,96.329
240,267020,Karangetang,16530,1,1979,5,31,1979,5,31,2.781,125.407
241,263200,Dieng Volcanic Complex,15786,1,1979,2,20,1979,2,20,-7.2,109.92
242,262000,Krakatau,15612,1,1978,7,10,1978,11,16,-6.102,105.423
243,267020,Karangetang,16529,1,1978,2,22,1978,12,18,2.781,125.407
244,263340,Raung,16145,1,1978,1,16,1979,12,16,-8.119,114.056
245,266110,Mahawu,16470,0,1977,11,16,,,,1.352,124.865
246,263340,Raung,16144,2,1977,6,9,1977,6,30,-8.119,114.056
247,267020,Karangetang,16528,2,1976,9,15,1977,9,16,2.781,125.407
248,263340,Raung,16143,2,1976,6,7,1976,11,21,-8.119,114.056
249,266100,Lokon-Empung,16455,2,1975,11,16,1980,7,2,1.358,124.792
250,262000,Krakatau,15611,2,1975,3,27,1975,10,26,-6.102,105.423
251,263340,Raung,16142,1,1975,3,16,1975,5,16,-8.119,114.056
252,261140,Marapi,15468,2,1975,1,16,1979,9,11,-0.381,100.473
253,263340,Raung,16141,2,1974,6,15,1974,7,17,-8.119,114.056
254,264010,Batur,16202,2,1974,3,12,1974,4,16,-8.242,115.375
255,261230,Dempo,15572,2,1974,2,26,1974,10,20,-4.03,103.13
256,264250,Iliwerung,16346,2,1973,12,5,1974,8,22,-8.53,123.57
257,264150,Paluweh,16269,2,1973,10,27,1973,10,28,-8.32,121.708
258,266100,Lokon-Empung,16454,1,1973,9,15,1974,12,16,1.358,124.792
259,263180,Slamet,13404,1,1973,8,16,,,,-7.242,109.208
260,261140,Marapi,15467,2,1973,7,24,1973,7,24,-0.381,100.473
261,263340,Raung,16140,1,1973,5,16,1973,10,16,-8.119,114.056
262,264220,Iliboleng,16321,2,1973,4,16,1974,4,16,-8.342,123.258
263,261230,Dempo,15571,2,1973,1,24,1973,1,25,-4.03,103.13
264,266030,Soputan,16427,2,1973,1,6,1973,5,27,1.112,124.737
265,264150,Paluweh,16268,3,1972,10,22,1973,1,16,-8.32,121.708
266,263250,Merapi,15916,2,1972,10,6,1985,3,16,-7.542,110.442
267,262000,Krakatau,15610,2,1972,6,10,1973,7,1,-6.102,105.423
268,263310,Tengger Caldera,16055,2,1972,1,26,1972,3,16,-7.942,112.95
269,264010,Batur,16200,2,1972,1,19,1972,3,16,-8.242,115.375
270,267020,Karangetang,16527,3,1972,1,16,1976,4,5,2.781,125.407
271,263210,Sundoro,15804,2,1971,10,29,1971,11,9,-7.3,109.992
272,263340,Raung,16139,1,1971,9,14,1971,9,14,-8.119,114.056
273,266030,Soputan,16426,1,1971,5,19,1971,5,19,1.112,124.737
274,266100,Lokon-Empung,16453,2,1971,5,11,1971,10,26,1.358,124.792
275,264010,Batur,16199,1,1971,3,11,1971,8,25,-8.242,115.375
276,264180,Lewotobi,16296,2,1971,1,16,,,,-8.542,122.775
277,267020,Karangetang,16526,2,1970,11,27,1971,3,16,2.781,125.407
278,261140,Marapi,15466,2,1970,7,26,1971,8,20,-0.381,100.473
279,264180,Lewotobi,16295,2,1970,7,2,,,,-8.542,122.775
280,264270,Sirung,16364,2,1970,7,2,,,,-8.508,124.13
281,261120,Sorikmarapi,15413,2,1970,7,2,,,,0.686,99.539
282,266030,Soputan,13598,2,1970,2,16,1970,5,26,1.112,124.737
283,264010,Batur,16198,1,1970,1,5,1970,1,15,-8.242,115.375
284,266100,Lokon-Empung,16452,2,1969,11,27,1970,12,26,1.358,124.792
285,263090,Tangkubanparahu,15682,1,1969,7,20,1969,10,21,-6.77,107.6
286,261170,Kerinci,15519,2,1969,7,2,1970,7,2,-1.697,101.264
287,263180,Slamet,13403,2,1969,6,23,1969,8,16,-7.242,109.208
288,264100,Ebulobo,13704,2,1969,2,27,,,,-8.82,121.18
289,264110,Iya,16259,3,1969,1,27,1969,1,30,-8.897,121.645
290,264180,Lewotobi,16294,2,1968,11,28,1969,2,2,-8.542,122.775
291,261160,Talang,15492,2,1968,9,16,1968,10,16,-0.979,100.681
292,266030,Soputan,13597,1,1968,7,16,1968,8,16,1.112,124.737
293,264140,Kelimutu,16263,1,1968,6,3,1968,7,29,-8.77,121.82
294,265060,Nila,16382,1,1968,5,7,1968,6,16,-6.73,129.5
295,261170,Kerinci,15518,2,1968,2,3,1968,3,18,-1.697,101.264
296,264010,Batur,16197,2,1968,1,23,1968,2,15,-8.242,115.375
297,261160,Talang,15491,1,1968,1,14,1968,1,14,-0.979,100.681
298,263280,Kelut,15424,1,1967,12,11,1967,12,11,-7.93,112.308
299,267020,Karangetang,16525,2,1967,11,29,1967,12,2,2.781,125.407
300,261170,Kerinci,15517,2,1967,11,2,,,,-1.697,101.264
301,261160,Talang,15490,1,1967,10,10,1967,10,10,-0.979,100.681
302,263300,Semeru,16007,3,1967,8,31,2009,3,15,-8.108,112.922
303,263090,Tangkubanparahu,15681,1,1967,7,16,1967,7,16,-6.77,107.6
304,264040,Tambora,16234,0,1967,7,2,,,,-8.25,118
305,263180,Slamet,13402,2,1967,5,7,1967,7,16,-7.242,109.208
306,261140,Marapi,15464,1,1967,4,16,1967,7,16,-0.381,100.473
307,263280,Kelut,15423,1,1967,2,18,1967,2,18,-7.93,112.308
308,263250,Merapi,15914,2,1967,1,12,1970,7,2,-7.542,110.442
309,266100,Lokon-Empung,16451,2,1966,9,24,1966,9,30,1.358,124.792
310,267040,Awu,16567,4,1966,8,12,1966,10,16,3.67,125.5
311,263180,Slamet,13401,2,1966,7,2,,,,-7.242,109.208
312,261170,Kerinci,15516,2,1966,6,9,1966,6,30,-1.697,101.264
313,266030,Soputan,13596,3,1966,5,21,1967,11,16,1.112,124.737
314,264010,Batur,16196,1,1966,4,28,,,,-8.242,115.375
315,263280,Kelut,15956,4,1966,4,26,1966,4,27,-7.93,112.308
316,264030,Rinjani,16223,1,1966,3,28,1966,8,8,-8.42,116.47
317,261140,Marapi,15463,1,1966,3,16,1966,6,16,-0.381,100.473
318,264050,Sangeang Api,16250,2,1966,2,28,1966,11,16,-8.2,119.07
319,264270,Sirung,16363,1,1965,11,2,1965,11,2,-8.508,124.13
320,263090,Tangkubanparahu,15680,1,1965,10,16,1965,10,16,-6.77,107.6
321,264030,Rinjani,16222,0,1965,9,16,,,,-8.42,116.47
322,264010,Batur,16195,1,1965,8,18,1965,12,16,-8.242,115.375
323,266100,Lokon-Empung,16450,1,1965,7,10,1965,7,10,1.358,124.792
324,262000,Krakatau,15608,1,1965,7,2,,,,-6.102,105.423
325,264270,Sirung,16362,1,1965,5,7,1965,5,18,-8.508,124.13
326,267020,Karangetang,16524,2,1965,4,5,1967,6,16,2.781,125.407
327,263090,Tangkubanparahu,15679,1,1965,2,16,1965,3,16,-6.77,107.6
328,263200,Dieng Volcanic Complex,15785,1,1964,12,13,1964,12,13,-7.2,109.92
329,261170,Kerinci,15515,2,1964,7,8,1964,7,8,-1.697,101.264
330,265060,Nila,16381,1,1964,3,16,1964,3,16,-6.73,129.5
331,261230,Dempo,15570,2,1964,2,14,1964,2,14,-4.03,103.13
332,264270,Sirung,16361,1,1964,2,8,1964,10,5,-8.508,124.13
333,264050,Sangeang Api,16249,2,1964,1,29,1965,12,1,-8.2,119.07
334,264150,Paluweh,16267,2,1963,12,31,1966,3,16,-8.32,121.708
335,266100,Lokon-Empung,16449,2,1963,12,17,1964,4,16,1.358,124.792
336,264010,Batur,16194,2,1963,9,5,1964,5,10,-8.242,115.375
337,261170,Kerinci,15514,2,1963,7,16,,,,-1.697,101.264
338,261160,Talang,15489,2,1963,7,2,,,,-0.979,100.681
339,264020,Agung,16210,5,1963,2,18,1964,1,27,-8.342,115.508
340,268060,Gamalama,16666,2,1962,12,31,1963,1,2,0.8,127.33
341,266100,Lokon-Empung,16448,1,1962,4,16,1962,11,16,1.358,124.792
342,267020,Karangetang,16523,2,1962,1,29,1963,12,16,2.781,125.407
343,267020,Karangetang,16522,2,1961,10,9,1961,10,19,2.781,125.407
344,263090,Tangkubanparahu,15678,1,1961,7,16,1961,8,1,-6.77,107.6
345,266100,Lokon-Empung,16447,2,1961,5,19,1961,12,16,1.358,124.792
346,263250,Merapi,15913,3,1961,4,11,1961,11,28,-7.542,110.442
347,267020,Karangetang,16521,2,1961,2,28,1961,4,16,2.781,125.407
348,263180,Slamet,13400,2,1960,12,16,1961,1,16,-7.242,109.208
349,261170,Kerinci,15513,2,1960,7,16,,,,-1.697,101.264
350,264270,Sirung,16360,2,1960,3,13,,,,-8.508,124.13
351,262000,Krakatau,15607,2,1959,12,16,1963,7,2,-6.102,105.423
352,261140,Marapi,15462,1,1958,10,17,1958,10,25,-0.381,100.473
353,262000,Krakatau,15606,2,1958,10,2,1959,6,25,-6.102,105.423
354,263180,Slamet,13399,2,1958,9,13,1958,11,5,-7.242,109.208
355,266110,Mahawu,16469,2,1958,7,12,1958,7,29,1.352,124.865
356,264050,Sangeang Api,16248,1,1958,7,2,,,,-8.2,119.07
357,261140,Marapi,15461,1,1958,6,23,1958,6,23,-0.381,100.473
358,263180,Slamet,13398,2,1958,4,17,1958,5,7,-7.242,109.208
359,266100,Lokon-Empung,16446,2,1958,2,19,1959,12,23,1.358,124.792
360,264050,Sangeang Api,16247,1,1957,7,2,,,,-8.2,119.07
361,263060,Gede-Pangrango,15665,2,1957,3,13,1957,3,13,-6.77,106.965
362,263180,Slamet,13397,2,1957,2,8,1957,2,8,-7.242,109.208
363,263090,Tangkubanparahu,15677,1,1957,1,16,1957,1,16,-6.77,107.6
364,264050,Sangeang Api,16246,1,1956,12,16,,,,-8.2,119.07
365,263310,Tengger Caldera,15839,2,1956,6,16,1956,7,16,-7.942,112.95
366,263200,Dieng Volcanic Complex,15784,1,1956,6,2,1956,6,2,-7.2,109.92
367,263060,Gede-Pangrango,15664,2,1956,4,28,1956,4,28,-6.77,106.965
368,261220,Kaba,15547,2,1956,3,22,1956,3,28,-3.522,102.615
369,263340,Raung,16138,3,1956,2,13,1956,3,25,-8.119,114.056
370,263310,Tengger Caldera,13529,2,1955,12,29,1955,12,30,-7.942,112.95
371,263180,Slamet,15761,2,1955,11,12,1955,12,20,-7.242,109.208
372,264050,Sangeang Api,16245,1,1955,7,2,,,,-8.2,119.07
373,262000,Krakatau,15605,2,1955,2,11,,,,-6.102,105.423
374,263340,Raung,16137,2,1955,1,18,1955,1,18,-8.119,114.056
375,263200,Dieng Volcanic Complex,15783,0,1954,12,6,1954,12,6,-7.2,109.92
376,264050,Sangeang Api,16244,2,1954,11,4,,,,-8.2,119.07
377,261140,Marapi,15460,2,1954,8,16,1957,12,16,-0.381,100.473
378,264050,Sangeang Api,16243,2,1954,4,26,,,,-8.2,119.07
379,266030,Soputan,13595,2,1953,11,16,,,,1.112,124.737
380,264030,Rinjani,16221,0,1953,10,15,,,,-8.42,116.47
381,262000,Krakatau,15604,2,1953,9,21,1953,11,25,-6.102,105.423
382,264110,Iya,15524,2,1953,9,4,1953,9,5,-8.897,121.645
383,263180,Slamet,15760,2,1953,8,16,1953,10,16,-7.242,109.208
384,267020,Karangetang,16520,2,1953,7,2,,,,2.781,125.407
385,264270,Sirung,16359,,1953,6,16,,,,-8.508,124.13
386,263200,Dieng Volcanic Complex,15782,2,1953,3,24,1953,3,25,-7.2,109.92
387,264050,Sangeang Api,16242,3,1953,3,19,1953,5,15,-8.2,119.07
388,262000,Krakatau,15603,2,1953,3,17,1953,5,1,-6.102,105.423
389,263250,Merapi,15908,2,1953,3,2,1958,12,16,-7.542,110.442
390,263340,Raung,16136,3,1953,1,31,1953,4,15,-8.119,114.056
391,262000,Krakatau,15602,2,1952,10,10,1952,10,11,-6.102,105.423
392,263290,Arjuno-Welirang,15961,0,1952,8,15,,,,-7.725,112.58
393,268040,Gamkonora,16592,2,1952,7,16,1952,9,5,1.38,127.53
394,263090,Tangkubanparahu,15676,1,1952,7,4,1952,7,11,-6.77,107.6
395,266110,Mahawu,16468,2,1952,7,2,,,,1.352,124.865
396,263350,Ijen,16172,1,1952,4,22,1952,4,24,-8.058,114.242
397,261220,Kaba,15546,2,1952,4,1,1952,4,28,-3.522,102.615
398,264250,Iliwerung,16345,1,1952,3,24,,,,-8.53,123.57
399,267020,Karangetang,16519,2,1952,2,16,1952,6,30,2.781,125.407
400,261170,Kerinci,15512,2,1952,1,16,1952,6,16,-1.697,101.264
401,264230,Lewotolo,16336,2,1951,12,15,,,,-8.272,123.505
402,264250,Iliwerung,16344,2,1951,11,12,1951,11,16,-8.53,123.57
403,263280,Kelut,15955,4,1951,8,31,1951,8,31,-7.93,112.308
404,264220,Iliboleng,16320,2,1951,7,2,,,,-8.342,123.258
405,266100,Lokon-Empung,16445,3,1951,7,2,1953,3,16,1.358,124.792
406,268040,Gamkonora,16591,2,1951,7,2,,,,1.38,127.53
407,263180,Slamet,15759,2,1951,6,26,1952,1,1,-7.242,109.208
408,263170,Cereme,15729,2,1951,3,1,1951,3,2,-6.892,108.4
409,263180,Slamet,15758,2,1951,2,11,,,,-7.242,109.208
410,263290,Arjuno-Welirang,15960,2,1950,10,30,,,,-7.725,112.58
411,268040,Gamkonora,16590,2,1950,10,16,,,,1.38,127.53
412,261140,Marapi,15459,2,1950,9,27,1952,6,14,-0.381,100.473
413,264250,Iliwerung,16343,2,1950,9,10,1950,10,2,-8.53,123.57
414,263300,Semeru,16006,2,1950,7,23,1964,12,16,-8.108,112.922
415,262000,Krakatau,15601,2,1950,7,3,1950,7,7,-6.102,105.423
416,263310,Tengger Caldera,13528,2,1950,5,27,1950,8,16,-7.942,112.95
417,264220,Iliboleng,16319,2,1950,3,16,1950,8,16,-8.342,123.258
418,261220,Kaba,15545,1,1950,3,16,1951,4,16,-3.522,102.615
419,261140,Marapi,15458,2,1949,10,15,1949,10,22,-0.381,100.473
420,267020,Karangetang,16518,2,1949,9,14,,,,2.781,125.407
421,266100,Lokon-Empung,13752,1,1949,9,14,,,,1.358,124.792
422,264220,Iliboleng,16318,2,1949,6,12,,,,-8.342,123.258
423,262000,Krakatau,15600,2,1949,5,12,,,,-6.102,105.423
424,261140,Marapi,15457,2,1949,4,29,1949,4,30,-0.381,100.473
425,264250,Iliwerung,16342,2,1949,4,9,1949,4,29,-8.53,123.57
426,264220,Iliboleng,16317,2,1949,2,4,,,,-8.342,123.258
427,267010,Ruang,16491,2,1949,1,5,1949,1,19,2.3,125.37
428,268040,Gamkonora,16589,2,1949,0,0,,,,1.38,127.53
429,264030,Rinjani,16220,0,1949,0,0,1950,7,2,-8.42,116.47
430,267020,Karangetang,16517,2,1948,12,0,,,,2.781,125.407
431,263060,Gede-Pangrango,15663,2,1948,11,15,1949,2,5,-6.77,106.965
432,263180,Slamet,15757,2,1948,11,14,1948,12,15,-7.242,109.208
433,263250,Merapi,15907,2,1948,9,29,1948,12,0,-7.542,110.442
434,264220,Iliboleng,16316,2,1948,4,29,,,,-8.342,123.258
435,264250,Iliwerung,16341,2,1948,4,7,1948,11,26,-8.53,123.57
436,263310,Tengger Caldera,15621,3,1948,2,15,1948,4,25,-7.942,112.95
437,267020,Karangetang,16516,2,1947,12,1,1947,12,21,2.781,125.407
438,263060,Gede-Pangrango,15662,2,1947,9,2,1948,1,28,-6.77,106.965
439,266030,Soputan,13594,2,1947,8,22,1947,8,27,1.112,124.737
440,264270,Sirung,16358,2,1947,4,0,1947,5,0,-8.508,124.13
441,267020,Karangetang,16515,2,1947,2,9,1947,2,9,2.781,125.407
442,262000,Krakatau,15599,2,1946,12,26,1947,8,7,-6.102,105.423
443,263300,Semeru,16005,2,1946,10,29,1947,6,0,-8.108,112.922
444,262000,Krakatau,13387,1,1946,7,25,1946,7,25,-6.102,105.423
445,263300,Semeru,13459,2,1946,2,0,1946,5,0,-8.108,112.922
446,263300,Semeru,10032,2,1945,6,12,1945,6,18,-8.108,112.922
447,262000,Krakatau,13386,2,1945,0,0,,,,-6.102,105.423
448,264030,Rinjani,16219,2,1944,12,25,1945,1,1,-8.42,116.47
449,263200,Dieng Volcanic Complex,15780,2,1944,12,4,,,,-7.2,109.92
450,264220,Iliboleng,16315,2,1944,8,0,1944,10,0,-8.342,123.258
451,263340,Raung,16135,2,1944,6,30,1945,4,19,-8.119,114.056
452,263180,Slamet,15756,2,1944,5,9,1944,10,30,-7.242,109.208
453,262000,Krakatau,13385,2,1944,0,0,,,,-6.102,105.423
454,263200,Dieng Volcanic Complex,15779,1,1943,11,3,,,,-7.2,109.92
455,263180,Slamet,15755,2,1943,10,2,1944,1,5,-7.242,109.208
456,263340,Raung,16134,2,1943,3,17,1943,6,18,-8.119,114.056
457,262000,Krakatau,13384,2,1943,0,0,,,,-6.102,105.423
458,261140,Marapi,15456,,1943,0,0,,,,-0.381,100.473
459,266100,Lokon-Empung,13751,2,1942,9,3,,,,1.358,124.792
460,263100,Papandayan,15687,1,1942,8,15,1942,8,16,-7.32,107.73
461,263250,Merapi,15906,2,1942,5,30,1945,5,0,-7.542,110.442
462,262000,Krakatau,15598,2,1942,1,29,1942,1,30,-6.102,105.423
463,263340,Raung,16133,2,1941,12,13,,,,-8.119,114.056
464,267020,Karangetang,16514,2,1941,10,30,1941,10,30,2.781,125.407
465,263300,Semeru,10031,2,1941,9,21,1942,2,0,-8.108,112.922
466,264100,Ebulobo,13703,0,1941,8,23,,,,-8.82,121.18
467,262000,Krakatau,15597,2,1941,1,28,1941,2,12,-6.102,105.423
468,261230,Dempo,15569,2,1940,7,0,,,,-4.03,103.13
469,267020,Karangetang,16513,2,1940,6,20,1940,8,23,2.781,125.407
470,263310,Tengger Caldera,15620,2,1940,4,25,1940,7,3,-7.942,112.95
471,261250,Besar,15578,1,1940,4,0,,,,-4.43,103.67
472,263180,Slamet,15753,2,1940,3,15,1940,4,15,-7.242,109.208
473,267020,Karangetang,16512,2,1940,3,1,1940,3,9,2.781,125.407
474,263340,Raung,16132,2,1940,0,0,,,,-8.119,114.056
475,261230,Dempo,15568,2,1939,12,19,1940,2,21,-4.03,103.13
476,264180,Lewotobi,16293,2,1939,12,17,1940,4,21,-8.542,122.775
477,263250,Merapi,15905,2,1939,12,13,1940,9,0,-7.542,110.442
478,263180,Slamet,15752,2,1939,12,4,1939,12,4,-7.242,109.208
479,261220,Kaba,15544,2,1939,11,19,1941,3,14,-3.522,102.615
480,263200,Dieng Volcanic Complex,15778,1,1939,10,13,1939,10,15,-7.2,109.92
481,261230,Dempo,15567,2,1939,7,18,1939,7,30,-4.03,103.13
482,263310,Tengger Caldera,13518,2,1939,6,24,1939,7,0,-7.942,112.95
483,263040,Perbakti-Gagak,15641,1,1939,4,6,,,,-6.75,106.7
484,263180,Slamet,15751,2,1939,3,29,1939,7,15,-7.242,109.208
485,263040,Perbakti-Gagak,15640,1,1938,12,0,,,,-6.75,106.7
486,268060,Gamalama,16665,2,1938,9,8,1938,9,8,0.8,127.33
487,263340,Raung,16131,2,1938,8,13,1939,1,10,-8.119,114.056
488,262000,Krakatau,15596,3,1938,7,4,1940,7,2,-6.102,105.423
489,264100,Ebulobo,13702,,1938,5,0,1938,6,0,-8.82,121.18
490,264140,Kelimutu,16262,2,1938,5,0,1938,6,0,-8.77,121.82
491,263050,Salak,13394,2,1938,1,31,,,,-6.72,106.73
492,261170,Kerinci,15511,2,1938,1,19,1938,3,18,-1.697,101.264
493,266010,Colo,16422,1,1938,0,0,,,,-0.162,121.601
494,263340,Raung,16013,2,1937,10,27,1937,11,27,-8.119,114.056
495,261170,Kerinci,15510,2,1937,9,8,,,,-1.697,101.264
496,262000,Krakatau,15595,2,1937,8,6,1937,11,23,-6.102,105.423
497,263170,Cereme,15728,2,1937,6,24,1938,1,7,-6.892,108.4
498,261050,"Telong, Bur ni",15401,,1937,0,0,,,,4.769,96.821
499,263180,Slamet,15750,,1937,0,0,,,,-7.242,109.208
500,261230,Dempo,15566,2,1936,11,26,1936,11,27,-4.03,103.13
501,263350,Ijen,16171,2,1936,11,5,1936,11,25,-8.058,114.242
502,263040,Perbakti-Gagak,15639,1,1936,10,26,1936,10,28,-6.75,106.7
503,262000,Krakatau,15594,1,1936,10,13,1936,11,0,-6.102,105.423
504,261170,Kerinci,15509,2,1936,8,30,1936,8,30,-1.697,101.264
505,263340,Raung,13686,2,1936,8,22,1936,12,11,-8.119,114.056
506,261170,Kerinci,15508,2,1936,4,29,1936,4,29,-1.697,101.264
507,264180,Lewotobi,16292,2,1935,12,0,1935,12,25,-8.542,122.775
508,267020,Karangetang,16511,2,1935,8,31,,,,2.781,125.407
509,263310,Tengger Caldera,15530,2,1935,7,0,,,,-7.942,112.95
510,263040,Perbakti-Gagak,15638,1,1935,5,31,,,,-6.75,106.7
511,263050,Salak,15646,2,1935,2,0,,,,-6.72,106.73
512,262000,Krakatau,15593,2,1935,1,4,1935,7,12,-6.102,105.423
513,264270,Sirung,16357,2,1934,6,14,1934,7,15,-8.508,124.13
514,261230,Dempo,15565,2,1934,1,24,1934,4,25,-4.03,103.13
515,263340,Raung,13685,2,1933,11,21,1933,12,6,-8.119,114.056
516,268060,Gamalama,16664,2,1933,11,12,,,,0.8,127.33
517,263250,Merapi,15904,2,1933,10,1,1935,4,0,-7.542,110.442
518,268010,Dukono,16577,3,1933,8,13,2017,8,4,1.693,127.894
519,261270,Suoh,15579,4,1933,7,10,1933,8,5,-5.25,104.27
520,263180,Slamet,15748,1,1933,5,12,1933,5,13,-7.242,109.208
521,262000,Krakatau,15592,3,1932,11,14,1934,6,9,-6.102,105.423
522,268060,Gamalama,16663,2,1932,11,10,1932,11,13,0.8,127.33
523,263250,Merapi,15903,1,1932,11,0,,,,-7.542,110.442
524,263180,Slamet,15747,2,1932,7,1,1932,9,10,-7.242,109.208
525,264180,Lewotobi,16291,3,1932,5,23,1933,12,26,-8.542,122.775
526,265060,Nila,16380,2,1932,3,13,,,,-6.73,129.5
527,261140,Marapi,15455,2,1932,0,0,,,,-0.381,100.473
528,262000,Krakatau,15591,2,1931,9,23,1932,2,17,-6.102,105.423
529,267040,Awu,16566,2,1930,12,0,1931,12,0,3.67,125.5
530,263250,Merapi,15902,3,1930,11,25,1931,9,0,-7.542,110.442
531,267020,Karangetang,16510,2,1930,11,0,,,,2.781,125.407
532,266100,Lokon-Empung,13750,2,1930,8,0,,,,1.358,124.792
533,263310,Tengger Caldera,16054,2,1930,5,30,1930,7,0,-7.942,112.95
534,261140,Marapi,15454,2,1930,4,9,1930,12,7,-0.381,100.473
535,263180,Slamet,15746,2,1930,4,2,1930,4,13,-7.242,109.208
536,267020,Karangetang,16509,2,1930,2,4,1930,2,6,2.781,125.407
537,263310,Tengger Caldera,16053,2,1929,8,7,1929,9,8,-7.942,112.95
538,261140,Marapi,15453,2,1929,6,22,1929,6,22,-0.381,100.473
539,263180,Slamet,15745,2,1929,6,6,1929,6,15,-7.242,109.208
540,263090,Tangkubanparahu,15675,0,1929,5,20,1929,5,20,-6.77,107.6
541,263340,Raung,13684,2,1929,4,27,,,,-8.119,114.056
542,263040,Perbakti-Gagak,15637,1,1929,0,0,,,,-6.75,106.7
543,263310,Tengger Caldera,16052,2,1928,12,16,,,,-7.942,112.95
544,263340,Raung,16130,2,1928,11,0,,,,-8.119,114.056
545,264150,Paluweh,16266,3,1928,8,4,1928,9,25,-8.32,121.708
546,263200,Dieng Volcanic Complex,15777,2,1928,5,13,,,,-7.2,109.92
547,263180,Slamet,15744,2,1928,3,20,1928,5,12,-7.242,109.208
548,263310,Tengger Caldera,16051,2,1928,3,15,1928,7,0,-7.942,112.95
549,264250,Iliwerung,16339,2,1928,0,0,,,,-8.53,123.57
550,262000,Krakatau,15590,2,1927,12,29,1930,8,15,-6.102,105.423
551,263340,Raung,16129,2,1927,8,2,1928,3,0,-8.119,114.056
552,263180,Slamet,15743,2,1927,2,27,1927,2,27,-7.242,109.208
553,261140,Marapi,15452,2,1927,2,5,1927,8,3,-0.381,100.473
554,264220,Iliboleng,16314,2,1927,0,0,,,,-8.342,123.258
555,264050,Sangeang Api,16241,2,1927,0,0,,,,-8.2,119.07
556,263180,Slamet,15742,2,1926,11,23,1926,11,30,-7.242,109.208
557,267020,Karangetang,16508,2,1926,10,0,,,,2.781,125.407
558,264010,Batur,16193,2,1926,8,2,1926,9,21,-8.242,115.375
559,268040,Gamkonora,16588,1,1926,6,0,,,,1.38,127.53
560,261230,Dempo,15564,2,1926,4,22,1926,4,24,-4.03,103.13
561,263090,Tangkubanparahu,15674,1,1926,3,1,1926,7,9,-6.77,107.6
562,261140,Marapi,15451,0,1925,4,0,,,,-0.381,100.473
563,264010,Batur,16192,2,1925,1,5,1925,1,5,-8.242,115.375
564,264220,Iliboleng,16313,2,1925,0,0,,,,-8.342,123.258
565,264100,Ebulobo,16160,2,1924,11,0,,,,-8.82,121.18
566,263250,Merapi,15901,1,1924,9,10,1924,9,12,-7.542,110.442
567,267020,Karangetang,16507,2,1924,5,0,,,,2.781,125.407
568,261150,Tandikat-Singgalang,15483,1,1924,4,0,1924,4,0,-0.39,100.331
569,264010,Batur,16191,2,1924,3,0,1924,3,0,-8.242,115.375
570,263340,Raung,16127,2,1924,2,0,,,,-8.119,114.056
571,266030,Soputan,13593,2,1923,11,27,1924,1,18,1.112,124.737
572,261170,Kerinci,15507,1,1923,9,0,1923,9,0,-1.697,101.264
573,263180,Slamet,15741,2,1923,6,2,1923,6,2,-7.242,109.208
574,263040,Perbakti-Gagak,15636,1,1923,6,0,,,,-6.75,106.7
575,261230,Dempo,15563,1,1923,5,19,1923,5,19,-4.03,103.13
576,268060,Gamalama,16662,2,1923,4,13,1923,5,6,0.8,127.33
577,263100,Papandayan,15686,1,1923,3,11,1925,3,9,-7.32,107.73
578,264010,Batur,16190,2,1923,0,0,,,,-8.242,115.375
579,264010,Batur,16189,2,1922,8,30,,,,-8.242,115.375
580,267040,Awu,16565,0,1922,6,20,1922,9,0,3.67,125.5
581,267020,Karangetang,16506,2,1922,5,4,1922,12,13,2.781,125.407
582,263250,Merapi,15899,1,1922,2,18,1922,8,8,-7.542,110.442
583,263310,Tengger Caldera,16050,2,1922,2,5,1922,6,20,-7.942,112.95
584,265070,Serua,16394,2,1921,9,18,,,,-6.312,130.017
585,263310,Tengger Caldera,16049,2,1921,6,0,1921,10,17,-7.942,112.95
586,261180,Sumbing,15535,2,1921,5,23,1921,6,3,-2.414,101.728
587,261170,Kerinci,15506,2,1921,5,0,1921,6,0,-1.697,101.264
588,261230,Dempo,15562,1,1921,4,0,1921,4,0,-4.03,103.13
589,267020,Karangetang,16505,2,1921,3,0,1921,6,0,2.781,125.407
590,263340,Raung,16126,2,1921,2,14,1921,4,0,-8.119,114.056
591,267040,Awu,16564,0,1921,2,0,1921,10,1,3.67,125.5
592,264010,Batur,16188,2,1921,1,29,1921,4,17,-8.242,115.375
593,264180,Lewotobi,16290,2,1921,1,1,1921,12,20,-8.542,122.775
594,263280,Kelut,15954,2,1920,12,6,1920,12,12,-7.93,112.308
595,263250,Merapi,15898,2,1920,7,25,1921,2,0,-7.542,110.442
596,264230,Lewotolo,16335,2,1920,0,0,,,,-8.272,123.505
597,261050,"Telong, Bur ni",15399,2,1919,12,0,,,,4.769,96.821
598,265070,Serua,16393,2,1919,11,0,,,,-6.312,130.017
599,263280,Kelut,15953,4,1919,5,19,1919,5,20,-7.93,112.308
600,261140,Marapi,15450,2,1919,2,28,1919,3,1,-0.381,100.473
601,263050,Salak,15645,2,1919,0,0,,,,-6.72,106.73
602,261140,Marapi,15449,2,1918,8,15,1918,8,15,-0.381,100.473
603,268060,Gamalama,16661,1,1918,8,0,1918,9,4,0.8,127.33
604,267030,Banua Wuhu,16550,3,1918,7,18,1919,12,1,3.138,125.491
605,263140,Galunggung,15720,1,1918,7,17,1918,7,30,-7.25,108.058
606,261140,Marapi,15448,2,1918,3,8,1918,3,10,-0.381,100.473
607,263250,Merapi,15897,1,1918,1,0,,,,-7.542,110.442
608,261030,Peuet Sague,15391,2,1918,0,0,1921,0,0,4.914,96.329
609,266030,Soputan,13592,2,1917,11,0,,,,1.112,124.737
610,268040,Gamkonora,16587,2,1917,10,18,1917,10,18,1.38,127.53
611,261140,Marapi,15447,2,1917,6,16,1917,9,16,-0.381,100.473
612,261120,Sorikmarapi,15412,2,1917,5,20,1917,5,20,0.686,99.539
613,263350,Ijen,16170,1,1917,2,25,1917,3,14,-8.058,114.242
614,263340,Raung,16125,2,1917,2,22,,,,-8.119,114.056
615,263340,Raung,16124,2,1916,11,0,1916,12,0,-8.119,114.056
616,261140,Marapi,15446,1,1916,5,5,1916,7,7,-0.381,100.473
617,261140,Marapi,15405,2,1915,12,0,,,,-0.381,100.473
618,264030,Rinjani,16217,2,1915,11,4,,,,-8.42,116.47
619,263310,Tengger Caldera,16048,3,1915,11,0,1916,6,0,-7.942,112.95
620,263340,Raung,16123,2,1915,5,0,,,,-8.119,114.056
621,266030,Soputan,13591,2,1915,4,0,1915,6,0,1.112,124.737
622,263250,Merapi,15896,1,1915,3,28,1915,5,15,-7.542,110.442
623,263300,Semeru,10030,2,1915,0,0,,,,-8.108,112.922
624,261140,Marapi,15445,2,1914,7,1,,,,-0.381,100.473
625,264180,Lewotobi,16289,2,1914,6,29,,,,-8.542,122.775
626,261150,Tandikat-Singgalang,15482,1,1914,5,31,,,,-0.39,100.331
627,267010,Ruang,16486,2,1914,5,29,1915,2,28,2.3,125.37
628,261140,Marapi,15444,2,1913,6,23,1913,7,31,-0.381,100.473
629,263300,Semeru,13583,2,1913,6,23,1913,6,26,-8.108,112.922
630,263340,Raung,16122,2,1913,5,10,1913,12,0,-8.119,114.056
631,266030,Soputan,13590,2,1913,4,0,1913,7,0,1.112,124.737
632,267040,Awu,16563,2,1913,3,14,1913,3,14,3.67,125.5
633,263300,Semeru,13582,2,1912,8,28,,,,-8.108,112.922
634,264050,Sangeang Api,16240,2,1912,4,0,,,,-8.2,119.07
635,263300,Semeru,13581,3,1911,11,8,1911,12,0,-8.108,112.922
636,261140,Marapi,15443,2,1911,11,2,,,,-0.381,100.473
637,266030,Soputan,13589,2,1911,11,0,1912,4,0,1.112,124.737
638,268060,Gamalama,16660,1,1911,9,2,1911,9,6,0.8,127.33
639,268030,Ibu,16578,2,1911,8,30,1911,9,1,1.488,127.63
640,264050,Sangeang Api,16239,2,1911,2,13,1911,3,2,-8.2,119.07
641,268040,Gamkonora,16586,2,1911,0,0,,,,1.38,127.53
642,263300,Semeru,13580,2,1910,11,16,1911,2,0,-8.108,112.922
643,266030,Soputan,13588,2,1910,11,15,,,,1.112,124.737
644,264100,Ebulobo,16159,2,1910,4,10,,,,-8.82,121.18
645,263090,Tangkubanparahu,15673,2,1910,4,7,1910,5,0,-6.77,107.6
646,263310,Tengger Caldera,16047,2,1910,1,18,1910,1,21,-7.942,112.95
647,264250,Iliwerung,16338,2,1910,0,0,,,,-8.53,123.57
648,261140,Marapi,15442,2,1910,0,0,,,,-0.381,100.473
649,264030,Rinjani,16216,2,1909,11,30,1909,12,2,-8.42,116.47
650,264220,Iliboleng,16312,2,1909,11,9,,,,-8.342,123.258
651,263300,Semeru,13579,2,1909,9,0,1910,3,22,-8.108,112.922
652,261180,Sumbing,15534,2,1909,6,3,1909,7,0,-2.414,101.728
653,263060,Gede-Pangrango,15661,1,1909,5,2,1909,5,2,-6.77,106.965
654,263250,Merapi,15895,1,1909,2,1,1913,5,0,-7.542,110.442
655,263310,Tengger Caldera,16046,2,1909,1,12,1909,1,14,-7.942,112.95
656,264180,Lewotobi,16288,2,1909,1,8,1910,5,26,-8.542,122.775
657,261170,Kerinci,15505,2,1908,10,0,1909,0,0,-1.697,101.264
658,266030,Soputan,13587,2,1908,6,0,1909,6,0,1.112,124.737
659,261230,Dempo,15561,2,1908,2,16,1908,2,17,-4.03,103.13
660,263300,Semeru,13578,2,1908,1,0,1908,12,0,-8.108,112.922
661,263250,Merapi,15894,1,1908,0,0,,,,-7.542,110.442
662,261140,Marapi,15441,2,1907,12,17,1908,9,0,-0.381,100.473
663,263310,Tengger Caldera,16045,2,1907,12,14,1908,2,13,-7.942,112.95
664,268060,Gamalama,16659,2,1907,11,17,1907,11,20,0.8,127.33
665,264180,Lewotobi,16287,3,1907,9,28,1907,10,30,-8.542,122.775
666,263310,Tengger Caldera,16044,2,1907,8,28,,,,-7.942,112.95
667,263300,Semeru,13577,2,1907,7,9,,,,-8.108,112.922
668,266030,Soputan,13586,2,1907,6,5,1907,6,25,1.112,124.737
669,263300,Semeru,13576,2,1907,1,7,1907,1,10,-8.108,112.922
670,261220,Kaba,15542,2,1907,0,0,,,,-3.522,102.615
671,263310,Tengger Caldera,16043,2,1906,9,25,1907,5,18,-7.942,112.95
672,263210,Sundoro,15803,2,1906,9,22,1906,12,20,-7.3,109.992
673,266030,Soputan,13585,2,1906,6,17,1906,9,0,1.112,124.737
674,264030,Rinjani,16215,1,1906,4,29,,,,-8.42,116.47
675,263250,Merapi,15893,2,1906,1,26,1907,2,17,-7.542,110.442
676,261140,Marapi,15440,2,1905,11,1,,,,-0.381,100.473
677,264090,Inielika,16257,2,1905,11,0,1905,11,0,-8.73,120.98
678,263300,Semeru,13575,2,1905,8,4,,,,-8.108,112.922
679,267020,Karangetang,16504,2,1905,5,21,1905,5,22,2.781,125.407
680,263250,Merapi,15892,2,1905,1,0,1905,6,1,-7.542,110.442
681,261230,Dempo,15560,0,1905,0,0,,,,-4.03,103.13
682,264010,Batur,16187,2,1905,0,0,,,,-8.242,115.375
683,266110,Mahawu,16467,2,1904,10,4,,,,1.352,124.865
684,267030,Banua Wuhu,16549,2,1904,8,27,,,,3.138,125.491
685,263180,Slamet,15740,2,1904,7,14,1904,8,9,-7.242,109.208
686,265050,Teon,16378,2,1904,6,3,,,,-6.976,129.144
687,267010,Ruang,16485,3,1904,4,22,1905,5,27,2.3,125.37
688,261140,Marapi,15439,1,1904,4,18,1904,4,18,-0.381,100.473
689,267030,Banua Wuhu,16548,2,1904,4,17,1904,4,18,3.138,125.491
690,263300,Semeru,13574,2,1904,1,2,1904,1,16,-8.108,112.922
691,264010,Batur,16186,2,1904,0,0,,,,-8.242,115.375
692,264220,Iliboleng,16311,2,1904,0,0,,,,-8.342,123.258
693,265060,Nila,16379,2,1903,12,8,,,,-6.73,129.5
694,263340,Raung,16121,2,1903,11,28,1904,1,0,-8.119,114.056
695,263210,Sundoro,15802,2,1903,10,17,1903,10,21,-7.3,109.992
696,263300,Semeru,13573,2,1903,3,26,1903,6,0,-8.108,112.922
697,263250,Merapi,15891,2,1902,12,0,1904,6,20,-7.542,110.442
698,263210,Sundoro,15801,1,1902,5,1,1902,5,25,-7.3,109.992
699,263340,Raung,16120,2,1902,2,16,1902,2,27,-8.119,114.056
700,263250,Merapi,15890,1,1902,2,3,1902,2,3,-7.542,110.442
701,263050,Salak,15644,2,1902,0,0,1903,0,0,-6.72,106.73
702,264030,Rinjani,16214,2,1901,6,1,1901,6,2,-8.42,116.47
703,263280,Kelut,15952,3,1901,5,22,1901,5,23,-7.93,112.308
704,265090,Banda Api,16418,2,1901,5,18,,,,-4.523,129.881
705,266030,Soputan,13584,2,1901,2,4,,,,1.112,124.737
706,263300,Semeru,13572,2,1901,1,29,1901,1,30,-8.108,112.922
707,268010,Dukono,16576,2,1901,0,0,,,,1.693,127.894
708,264030,Rinjani,16213,2,1900,11,30,1900,12,2,-8.42,116.47
709,261230,Dempo,15559,2,1900,10,26,1900,10,27,-4.03,103.13
710,261230,Dempo,15558,2,1900,6,4,1900,6,4,-4.03,103.13
711,263300,Semeru,13571,2,1900,3,29,1900,4,11,-8.108,112.922
712,267020,Karangetang,16503,2,1900,0,0,,,,2.781,125.407
713,263300,Semeru,16004,2,1899,12,0,,,,-8.108,112.922
714,263300,Semeru,16003,2,1899,8,11,,,,-8.108,112.922
715,264230,Lewotolo,16334,2,1899,6,2,,,,-8.272,123.505
716,263060,Gede-Pangrango,15660,2,1899,5,1,1899,5,14,-6.77,106.965
717,263300,Semeru,16002,2,1899,1,17,1899,3,31,-8.108,112.922
718,267020,Karangetang,16502,2,1899,0,0,,,,2.781,125.407
719,268060,Gamalama,16657,2,1898,5,14,1898,5,28,0.8,127.33
720,266010,Colo,16421,3,1898,5,2,1900,0,0,-0.162,121.601
721,263300,Semeru,16001,2,1898,2,23,,,,-8.108,112.922
722,263320,Lamongan,16101,2,1898,2,5,1898,2,15,-7.979,113.342
723,268060,Gamalama,16656,1,1897,9,7,1897,9,24,0.8,127.33
724,263340,Raung,16119,2,1897,4,0,,,,-8.119,114.056
725,263300,Semeru,16000,2,1897,1,1,1897,1,3,-8.108,112.922
726,264010,Batur,16185,2,1897,0,0,,,,-8.242,115.375
727,263250,Merapi,15889,2,1897,0,0,,,,-7.542,110.442
728,263320,Lamongan,16100,2,1896,9,5,1896,9,19,-7.979,113.342
729,263340,Raung,16118,2,1896,8,0,,,,-8.119,114.056
730,263090,Tangkubanparahu,15672,2,1896,5,22,1896,5,23,-6.77,107.6
731,263300,Semeru,15999,2,1896,5,0,1896,6,0,-8.108,112.922
732,263310,Tengger Caldera,16042,2,1896,0,0,,,,-7.942,112.95
733,268060,Gamalama,16654,1,1895,12,19,1895,12,19,0.8,127.33
734,261230,Dempo,15557,2,1895,7,2,1895,9,30,-4.03,103.13
735,267030,Banua Wuhu,16547,2,1895,7,0,1895,12,26,3.138,125.491
736,263300,Semeru,15998,2,1895,5,22,1895,10,1,-8.108,112.922
737,263140,Galunggung,15719,3,1894,10,17,1894,12,0,-7.25,108.058
738,263250,Merapi,15888,1,1894,10,0,,,,-7.542,110.442
739,263250,Merapi,15887,2,1894,1,27,1894,2,2,-7.542,110.442
740,263300,Semeru,15997,2,1893,12,11,1894,2,0,-8.108,112.922
741,263320,Lamongan,16099,2,1893,11,18,,,,-7.979,113.342
742,263250,Merapi,15886,1,1893,10,0,,,,-7.542,110.442
743,266100,Lokon-Empung,16444,2,1893,3,29,1894,8,14,1.358,124.792
744,263310,Tengger Caldera,16041,2,1893,1,13,1893,3,27,-7.942,112.95
745,261120,Sorikmarapi,15411,2,1893,1,4,1893,1,4,0.686,99.539
746,263300,Semeru,15996,2,1893,1,0,1893,5,0,-8.108,112.922
747,267040,Awu,16562,2,1893,0,0,,,,3.67,125.5
748,267020,Karangetang,16501,2,1892,6,14,,,,2.781,125.407
749,267040,Awu,16561,3,1892,6,7,1892,6,12,3.67,125.5
750,265040,Wurlali,16373,2,1892,6,3,1892,6,5,-7.125,128.675
751,261120,Sorikmarapi,15410,2,1892,5,21,,,,0.686,99.539
752,263300,Semeru,15995,2,1892,3,0,1892,4,0,-8.108,112.922
753,263320,Lamongan,16098,2,1891,9,25,1891,10,5,-7.979,113.342
754,263250,Merapi,15885,2,1891,8,25,1892,0,0,-7.542,110.442
755,263060,Gede-Pangrango,15659,2,1891,0,0,,,,-6.77,106.965
756,265090,Banda Api,16417,2,1890,11,23,1890,11,23,-4.523,129.881
757,263320,Lamongan,16097,2,1890,9,5,1891,1,0,-7.979,113.342
758,263180,Slamet,15739,2,1890,8,6,1890,8,29,-7.242,109.208
759,263340,Raung,16117,2,1890,7,0,1890,9,15,-8.119,114.056
760,268070,Makian,16688,2,1890,6,20,1890,6,30,0.32,127.4
761,263310,Tengger Caldera,16040,2,1890,5,0,1890,9,0,-7.942,112.95
762,263320,Lamongan,16096,2,1890,3,23,1890,5,0,-7.979,113.342
763,266030,Soputan,13460,2,1890,0,0,,,,1.112,124.737
764,263320,Lamongan,16095,2,1889,9,7,1889,11,0,-7.979,113.342
765,267030,Banua Wuhu,16546,2,1889,9,6,1889,9,9,3.138,125.491
766,263250,Merapi,15884,1,1889,7,0,,,,-7.542,110.442
767,267010,Ruang,16484,1,1889,6,0,,,,2.3,125.37
768,261140,Marapi,15438,2,1889,3,27,1889,4,17,-0.381,100.473
769,261150,Tandikat-Singgalang,15480,1,1889,2,19,1889,12,4,-0.39,100.331
770,263300,Semeru,15994,2,1889,1,0,1891,5,31,-8.108,112.922
771,264180,Lewotobi,16286,2,1889,0,0,,,,-8.542,122.775
772,263320,Lamongan,16094,2,1888,9,0,1888,10,6,-7.979,113.342
773,263250,Merapi,15883,2,1888,8,18,1888,12,20,-7.542,110.442
774,264010,Batur,16184,2,1888,5,30,1888,5,31,-8.242,115.375
775,261140,Marapi,15437,2,1888,2,19,1888,3,19,-0.381,100.473
776,263300,Semeru,15993,2,1888,2,0,1888,10,0,-8.108,112.922
777,264100,Ebulobo,16158,2,1888,0,0,,,,-8.82,121.18
778,264220,Iliboleng,16310,2,1888,0,0,,,,-8.342,123.258
779,263060,Gede-Pangrango,15657,2,1888,0,0,,,,-6.77,106.965
780,263210,Sundoro,15800,2,1887,11,13,1887,11,14,-7.3,109.992
781,263320,Lamongan,16093,2,1887,11,0,1888,2,27,-7.979,113.342
782,263060,Gede-Pangrango,15656,2,1887,10,22,1887,10,22,-6.77,106.965
783,263300,Semeru,15992,2,1887,8,0,1887,10,11,-8.108,112.922
784,263320,Lamongan,16092,2,1887,7,3,1887,7,9,-7.979,113.342
785,267020,Karangetang,16500,2,1887,5,27,1887,5,27,2.781,125.407
786,261170,Kerinci,15504,2,1887,3,23,1887,3,30,-1.697,101.264
787,263300,Semeru,15991,2,1887,2,0,1887,3,0,-8.108,112.922
788,263310,Tengger Caldera,16038,2,1886,11,11,1887,1,25,-7.942,112.95
789,263060,Gede-Pangrango,15655,2,1886,6,10,1886,8,16,-6.77,106.965
790,267020,Karangetang,16499,2,1886,4,25,1886,6,19,2.781,125.407
791,263310,Tengger Caldera,16037,2,1886,4,15,1886,4,26,-7.942,112.95
792,261140,Marapi,15436,2,1886,3,31,1886,5,3,-0.381,100.473
793,263300,Semeru,15990,2,1886,1,25,1886,8,26,-8.108,112.922
794,263260,Lawu,15909,1,1885,11,28,1885,11,28,-7.625,111.192
795,261140,Marapi,15435,2,1885,11,12,,,,-0.381,100.473
796,263310,Tengger Caldera,16036,2,1885,10,31,1886,1,10,-7.942,112.95
797,264220,Iliboleng,16309,2,1885,9,0,1885,10,0,-8.342,123.258
798,267040,Awu,16560,2,1885,8,18,,,,3.67,125.5
799,263340,Raung,16116,2,1885,6,21,1885,6,22,-8.119,114.056
800,263310,Tengger Caldera,16035,2,1885,6,0,,,,-7.942,112.95
801,263180,Slamet,15738,2,1885,3,21,1885,3,30,-7.242,109.208
802,263320,Lamongan,16091,2,1885,3,11,1886,10,15,-7.979,113.342
803,263250,Merapi,15882,1,1885,2,24,1887,0,0,-7.542,110.442
804,268040,Gamkonora,16585,2,1885,0,0,,,,1.38,127.53
805,263300,Semeru,15989,2,1884,12,10,1885,9,0,-8.108,112.922
806,264030,Rinjani,16212,2,1884,8,8,1884,8,10,-8.42,116.47
807,261230,Dempo,15556,2,1884,6,0,1884,7,0,-4.03,103.13
808,268060,Gamalama,16652,2,1884,5,0,1884,5,0,0.8,127.33
809,263320,Lamongan,16090,2,1884,1,6,1884,6,23,-7.979,113.342
810,263200,Dieng Volcanic Complex,15776,1,1883,12,26,1884,3,18,-7.2,109.92
811,261140,Marapi,15434,1,1883,12,0,1883,12,0,-0.381,100.473
812,267040,Awu,16559,2,1883,8,25,1883,8,26,3.67,125.5
813,267020,Karangetang,16498,2,1883,8,25,1883,8,26,2.781,125.407
814,263210,Sundoro,15799,2,1883,8,0,,,,-7.3,109.992
815,261140,Marapi,15433,1,1883,6,25,1883,8,27,-0.381,100.473
816,262000,Krakatau,15589,6,1883,5,20,1883,10,21,-6.102,105.423
817,263320,Lamongan,16089,2,1883,4,13,1883,5,4,-7.979,113.342
818,263250,Merapi,15881,1,1883,1,0,1884,11,0,-7.542,110.442
819,263210,Sundoro,15798,2,1882,4,1,1882,4,7,-7.3,109.992
820,264110,Iya,13715,2,1882,0,0,,,,-8.897,121.645
821,261230,Dempo,15555,2,1881,12,0,1881,12,0,-4.03,103.13
822,264200,Leroboleng,16307,2,1881,3,16,,,,-8.365,122.833
823,261230,Dempo,15554,2,1881,2,16,,,,-4.03,103.13
824,263340,Raung,16115,,1881,0,0,,,,-8.119,114.056
825,261070,Singkut,15402,,1881,0,0,,,,3.248,98.501
826,261230,Dempo,15553,2,1880,5,0,,,,-4.03,103.13
827,264040,Tambora,16233,2,1880,0,0,,,,-8.25,118
828,266130,Tangkoko-Duasudara,15943,1,1880,0,0,,,,1.518,125.185
829,261230,Dempo,15552,2,1879,5,18,,,,-4.03,103.13
830,263300,Semeru,15987,2,1879,0,0,,,,-8.108,112.922
831,261120,Sorikmarapi,15408,2,1879,0,0,,,,0.686,99.539
832,261170,Kerinci,15503,2,1878,12,11,,,,-1.697,101.264
833,263250,Merapi,15880,2,1878,0,0,1879,6,20,-7.542,110.442
834,263300,Semeru,15986,2,1878,0,0,,,,-8.108,112.922
835,263300,Semeru,15985,2,1877,9,0,,,,-8.108,112.922
836,263320,Lamongan,16088,3,1877,4,24,1877,5,12,-7.979,113.342
837,263310,Tengger Caldera,16034,2,1877,4,24,,,,-7.942,112.95
838,263300,Semeru,15984,2,1877,4,0,,,,-8.108,112.922
839,261140,Marapi,15431,2,1876,8,0,1877,6,0,-0.381,100.473
840,261140,Marapi,15430,2,1876,4,4,,,,-0.381,100.473
841,261160,Talang,15488,2,1876,0,0,,,,-0.979,100.681
842,264200,Leroboleng,16306,2,1876,0,0,,,,-8.365,122.833
843,263180,Slamet,15737,2,1875,11,2,1875,12,26,-7.242,109.208
844,267040,Awu,16558,2,1875,8,0,1875,8,0,3.67,125.5
845,263180,Slamet,15736,2,1875,5,29,1875,6,4,-7.242,109.208
846,267010,Ruang,16483,2,1874,11,15,,,,2.3,125.37
847,263320,Lamongan,16087,2,1874,5,20,1874,8,21,-7.979,113.342
848,261170,Kerinci,15502,2,1874,0,0,,,,-1.697,101.264
849,261220,Kaba,15541,2,1873,0,0,1892,11,1,-3.522,102.615
850,264200,Leroboleng,16305,2,1873,0,0,,,,-8.365,122.833
851,263250,Merapi,15879,2,1872,11,3,1873,1,0,-7.542,110.442
852,263300,Semeru,15983,2,1872,10,23,1872,10,23,-8.108,112.922
853,263320,Lamongan,16086,2,1872,8,15,1872,9,18,-7.979,113.342
854,263250,Merapi,15878,4,1872,4,15,1872,4,21,-7.542,110.442
855,261140,Marapi,15429,2,1871,9,24,,,,-0.381,100.473
856,264110,Iya,13714,2,1871,9,1,,,,-8.897,121.645
857,268060,Gamalama,16651,2,1871,8,7,1871,9,25,0.8,127.33
858,261140,Marapi,15428,2,1871,4,24,,,,-0.381,100.473
859,267010,Ruang,16482,2,1871,3,2,1871,3,14,2.3,125.37
860,267010,Ruang,16481,3,1870,8,27,1870,8,28,2.3,125.37
861,263320,Lamongan,16085,2,1870,8,18,1871,2,5,-7.979,113.342
862,263060,Gede-Pangrango,15653,2,1870,8,0,1870,10,3,-6.77,106.965
863,263320,Lamongan,16084,2,1870,3,2,1870,3,5,-7.979,113.342
864,264250,Iliwerung,16337,3,1870,0,0,,,,-8.53,123.57
865,263320,Lamongan,16083,2,1869,9,12,,,,-7.979,113.342
866,264180,Lewotobi,16285,2,1869,7,7,1869,7,27,-8.542,122.775
867,263320,Lamongan,16082,2,1869,4,6,1869,5,4,-7.979,113.342
868,264180,Lewotobi,16284,2,1868,12,15,,,,-8.542,122.775
869,268060,Gamalama,16649,2,1868,11,13,1869,2,10,0.8,127.33
870,261220,Kaba,15540,2,1868,10,0,1869,0,0,-3.522,102.615
871,264180,Lewotobi,16283,2,1868,7,13,,,,-8.542,122.775
872,264110,Iya,16177,2,1868,5,4,,,,-8.897,121.645
873,268060,Gamalama,16648,1,1868,3,13,1868,3,13,0.8,127.33
874,268010,Dukono,16575,2,1868,0,0,,,,1.693,127.894
875,263310,Tengger Caldera,13450,2,1867,12,13,1868,1,12,-7.942,112.95
876,263300,Semeru,15982,2,1867,4,15,1867,5,0,-8.108,112.922
877,264110,Iya,13708,2,1867,1,0,,,,-8.897,121.645
878,263060,Gede-Pangrango,15652,2,1866,9,18,,,,-6.77,106.965
879,263310,Tengger Caldera,13449,2,1866,7,0,,,,-7.942,112.95
880,263310,Tengger Caldera,13448,2,1865,12,1,1865,12,18,-7.942,112.95
881,263250,Merapi,15877,2,1865,10,24,1871,8,0,-7.542,110.442
882,264180,Lewotobi,16282,2,1865,5,4,,,,-8.542,122.775
883,263300,Semeru,15980,2,1865,4,15,,,,-8.108,112.922
884,263310,Tengger Caldera,15988,2,1865,4,0,1865,5,0,-7.942,112.95
885,264140,Kelimutu,16261,2,1865,0,0,,,,-8.77,121.82
886,268060,Gamalama,16647,2,1864,12,27,1865,1,2,0.8,127.33
887,268070,Makian,16687,1,1864,10,0,1864,10,0,0.32,127.4
888,263340,Raung,15921,2,1864,7,2,1864,12,0,-8.119,114.056
889,263320,Lamongan,16081,2,1864,6,9,1864,7,0,-7.979,113.342
890,267020,Karangetang,16497,2,1864,6,6,,,,2.781,125.407
891,268060,Gamalama,16645,2,1864,1,20,1864,2,17,0.8,127.33
892,263280,Kelut,15949,2,1864,1,4,1864,1,4,-7.93,112.308
893,264230,Lewotolo,16333,2,1864,0,0,,,,-8.272,123.505
894,268070,Makian,16686,1,1863,8,25,1863,8,31,0.32,127.4
895,261140,Marapi,15427,2,1863,5,23,,,,-0.381,100.473
896,268060,Gamalama,16643,2,1862,7,15,1862,10,0,0.8,127.33
897,263250,Merapi,15848,2,1862,5,26,1864,0,0,-7.542,110.442
898,268070,Makian,16685,4,1861,12,28,1862,10,0,0.32,127.4
899,264180,Lewotobi,16281,2,1861,5,4,1861,5,18,-8.542,122.775
900,261140,Marapi,15426,2,1861,4,0,,,,-0.381,100.473
901,263250,Merapi,15847,2,1861,0,0,,,,-7.542,110.442
902,263320,Lamongan,16080,2,1861,0,0,,,,-7.979,113.342
903,264050,Sangeang Api,16238,2,1860,9,11,1860,10,0,-8.2,119.07
904,263340,Raung,15920,2,1860,9,0,,,,-8.119,114.056
905,263310,Tengger Caldera,16033,2,1860,6,12,1860,6,14,-7.942,112.95
906,263300,Semeru,15978,2,1860,4,0,1860,6,0,-8.108,112.922
907,263180,Slamet,15735,2,1860,3,19,1860,4,11,-7.242,109.208
908,263340,Raung,15919,2,1859,12,14,,,,-8.119,114.056
909,263320,Lamongan,16079,2,1859,2,27,1859,3,0,-7.979,113.342
910,263310,Tengger Caldera,16032,2,1859,1,30,1859,3,4,-7.942,112.95
911,265070,Serua,16392,2,1859,0,0,,,,-6.312,130.017
912,263310,Tengger Caldera,16031,2,1858,10,18,,,,-7.942,112.95
913,263310,Tengger Caldera,16030,2,1858,3,4,,,,-7.942,112.95
914,265070,Serua,16391,2,1858,0,0,,,,-6.312,130.017
915,263300,Semeru,15977,2,1857,8,13,1857,9,0,-8.108,112.922
916,263310,Tengger Caldera,16029,2,1857,0,0,,,,-7.942,112.95
917,263310,Tengger Caldera,16028,2,1856,9,10,,,,-7.942,112.95
918,263300,Semeru,15976,2,1856,9,10,,,,-8.108,112.922
919,267010,Ruang,16480,1,1856,9,0,,,,2.3,125.37
920,261050,"Telong, Bur ni",15398,2,1856,4,14,,,,4.769,96.821
921,267040,Awu,16557,3,1856,3,2,1856,3,17,3.67,125.5
922,263320,Lamongan,16078,2,1856,3,1,1856,6,14,-7.979,113.342
923,261140,Marapi,15425,2,1855,10,2,1856,1,0,-0.381,100.473
924,261140,Marapi,15422,2,1854,8,29,,,,-0.381,100.473
925,264010,Batur,16183,1,1854,4,28,,,,-8.242,115.375
926,261220,Kaba,15539,2,1853,11,0,,,,-3.522,102.615
927,263060,Gede-Pangrango,15651,3,1853,3,14,1853,3,14,-6.77,106.965
928,261230,Dempo,15551,2,1853,1,1,,,,-4.03,103.13
929,264230,Lewotolo,16332,2,1852,10,5,1852,10,6,-8.272,123.505
930,263060,Gede-Pangrango,15650,2,1852,5,28,1852,5,28,-6.77,106.965
931,263280,Kelut,15948,2,1851,1,24,,,,-7.93,112.308
932,263300,Semeru,15975,2,1851,1,0,,,,-8.108,112.922
933,263340,Raung,15918,,1849,12,1,,,,-8.119,114.056
934,263180,Slamet,15734,2,1849,12,1,,,,-7.242,109.208
935,268060,Gamalama,16640,2,1849,11,27,1850,11,19,0.8,127.33
936,264230,Lewotolo,16331,2,1849,10,6,,,,-8.272,123.505
937,263250,Merapi,15876,3,1849,9,14,1849,9,24,-7.542,110.442
938,263320,Lamongan,16077,2,1849,6,0,1849,9,0,-7.979,113.342
939,263250,Merapi,15875,2,1849,4,26,1849,4,26,-7.542,110.442
940,264010,Batur,16182,2,1849,0,0,,,,-8.242,115.375
941,263300,Semeru,15973,2,1848,8,4,,,,-8.108,112.922
942,263280,Kelut,15946,3,1848,5,16,1848,5,17,-7.93,112.308
943,263060,Gede-Pangrango,15649,2,1848,5,8,,,,-6.77,106.965
944,263300,Semeru,15972,2,1848,2,0,,,,-8.108,112.922
945,263200,Dieng Volcanic Complex,15775,2,1847,12,4,,,,-7.2,109.92
946,263060,Gede-Pangrango,15648,2,1847,10,17,1847,10,18,-6.77,106.965
947,263130,Guntur,15712,2,1847,10,16,1847,10,28,-7.143,107.84
948,263320,Lamongan,16076,2,1847,9,25,,,,-7.979,113.342
949,268060,Gamalama,16639,,1847,9,7,1847,9,7,0.8,127.33
950,263320,Lamongan,16075,2,1847,3,26,1847,6,26,-7.979,113.342
951,263180,Slamet,15733,2,1847,3,20,,,,-7.242,109.208
952,268060,Gamalama,16637,2,1847,2,7,1847,2,7,0.8,127.33
953,264260,"Tara, Batu",16351,2,1847,0,0,1852,8,31,-7.791,123.585
954,264030,Rinjani,16211,2,1846,9,10,1846,9,12,-8.42,116.47
955,263250,Merapi,15873,3,1846,9,2,1847,10,0,-7.542,110.442
956,265070,Serua,16390,2,1846,9,0,,,,-6.312,130.017
957,263090,Tangkubanparahu,15671,2,1846,5,27,,,,-6.77,107.6
958,268060,Gamalama,16636,2,1846,5,19,1846,5,19,0.8,127.33
959,263250,Merapi,15872,2,1846,4,6,,,,-7.542,110.442
960,266110,Mahawu,16466,2,1846,0,0,,,,1.352,124.865
961,261140,Marapi,15421,2,1845,11,16,1845,11,18,-0.381,100.473
962,261160,Talang,15486,2,1845,4,22,,,,-0.979,100.681
963,266030,Soputan,16425,2,1845,2,8,,,,1.112,124.737
964,263060,Gede-Pangrango,15647,2,1845,1,23,1845,3,5,-6.77,106.965
965,263300,Semeru,15971,2,1845,1,0,1845,7,0,-8.108,112.922
966,266020,Ambang,16424,,1845,0,0,,,,0.75,124.42
967,263310,Tengger Caldera,16027,2,1844,11,9,,,,-7.942,112.95
968,263300,Semeru,15970,2,1844,9,25,1844,9,27,-8.108,112.922
969,265070,Serua,16388,2,1844,8,0,1844,9,0,-6.312,130.017
970,264110,Iya,13707,2,1844,5,0,,,,-8.897,121.645
971,263130,Guntur,15711,2,1843,11,26,1843,11,26,-7.143,107.84
972,261160,Talang,15485,2,1843,10,21,,,,-0.979,100.681
973,263320,Lamongan,16074,2,1843,8,0,1844,9,0,-7.979,113.342
974,263060,Gede-Pangrango,15632,2,1843,7,28,,,,-6.77,106.965
975,268060,Gamalama,16633,2,1843,4,10,1843,5,27,0.8,127.33
976,263130,Guntur,15710,3,1843,1,4,1843,1,4,-7.143,107.84
977,263310,Tengger Caldera,16026,2,1843,1,0,,,,-7.942,112.95
978,264020,Agung,16209,5,1843,0,0,,,,-8.342,115.508
979,266130,Tangkoko-Duasudara,16476,2,1843,0,0,1846,0,0,1.518,125.185
980,268060,Gamalama,16632,1,1842,10,6,1842,12,31,0.8,127.33
981,263310,Tengger Caldera,16025,2,1842,1,24,1842,6,0,-7.942,112.95
982,263300,Semeru,15969,2,1842,1,0,1842,3,0,-8.108,112.922
983,263090,Tangkubanparahu,15670,,1842,0,0,,,,-6.77,107.6
984,261170,Kerinci,15501,2,1842,0,0,,,,-1.697,101.264
985,263130,Guntur,15709,2,1841,11,14,1841,11,14,-7.143,107.84
986,263320,Lamongan,16073,2,1841,7,16,1842,8,0,-7.979,113.342
987,263060,Gede-Pangrango,15631,3,1840,11,12,1840,12,11,-6.77,106.965
988,263130,Guntur,15708,2,1840,5,20,1840,5,24,-7.143,107.84
989,268060,Gamalama,16630,3,1840,2,2,1840,9,29,0.8,127.33
990,263250,Merapi,15871,1,1840,1,4,,,,-7.542,110.442
991,267010,Ruang,16479,2,1840,0,0,,,,2.3,125.37
992,268060,Gamalama,16629,2,1839,1,29,1839,3,26,0.8,127.33
993,261020,Seulawah Agam,15390,2,1839,1,12,1839,1,13,5.448,95.658
994,261050,"Telong, Bur ni",15397,2,1839,1,12,1839,1,13,4.769,96.821
995,261230,Dempo,15550,2,1839,0,0,,,,-4.03,103.13
996,263320,Lamongan,15950,2,1838,10,18,,,,-7.979,113.342
997,263320,Lamongan,16072,2,1838,7,4,1838,7,6,-7.979,113.342
998,263300,Semeru,15968,2,1838,7,0,1838,10,18,-8.108,112.922
999,268060,Gamalama,16628,2,1838,2,26,1838,5,0,0.8,127.33
1000,263340,Raung,16114,2,1838,0,0,,,,-8.119,114.056
1001,261170,Kerinci,15500,2,1838,0,0,,,,-1.697,101.264
1002,261050,"Telong, Bur ni",15396,2,1837,9,25,,,,4.769,96.821
1003,263250,Merapi,15870,2,1837,8,10,1838,6,0,-7.542,110.442
1004,263130,Guntur,15707,2,1836,10,11,,,,-7.143,107.84
1005,263300,Semeru,15967,2,1836,8,3,1836,8,5,-8.108,112.922
1006,267010,Ruang,16478,2,1836,4,22,1836,4,24,2.3,125.37
1007,263180,Slamet,15732,2,1835,9,0,1835,9,0,-7.242,109.208
1008,267030,Banua Wuhu,16545,2,1835,4,23,1835,4,26,3.138,125.491
1009,268060,Gamalama,16627,2,1835,1,4,,,,0.8,127.33
1010,263280,Kelut,15945,2,1835,0,0,,,,-7.93,112.308
1011,263310,Tengger Caldera,16024,2,1835,0,0,,,,-7.942,112.95
1012,263130,Guntur,15706,2,1834,12,0,1835,1,0,-7.143,107.84
1013,261220,Kaba,15537,2,1834,11,0,,,,-3.522,102.615
1014,261220,Kaba,15536,2,1833,11,24,1833,11,25,-3.522,102.615
1015,261160,Talang,15484,2,1833,10,0,,,,-0.979,100.681
1016,263130,Guntur,15705,2,1833,9,1,,,,-7.143,107.84
1017,268060,Gamalama,16626,2,1833,6,15,,,,0.8,127.33
1018,266030,Soputan,15830,2,1833,0,0,,,,1.112,124.737
1019,261140,Marapi,15420,2,1833,0,0,1834,0,0,-0.381,100.473
1020,263250,Merapi,15869,2,1832,12,25,1836,0,0,-7.542,110.442
1021,263060,Gede-Pangrango,15629,3,1832,8,29,1832,8,29,-6.77,106.965
1022,263130,Guntur,15704,2,1832,8,8,1832,8,13,-7.143,107.84
1023,263300,Semeru,15966,2,1832,4,18,,,,-8.108,112.922
1024,263130,Guntur,15703,2,1832,1,16,,,,-7.143,107.84
1025,268060,Gamalama,16625,2,1831,5,27,1831,6,27,0.8,127.33
1026,263300,Semeru,15965,2,1830,12,15,1830,12,16,-8.108,112.922
1027,263310,Tengger Caldera,16023,2,1830,12,15,1830,12,16,-7.942,112.95
1028,263310,Tengger Caldera,16022,2,1830,3,3,,,,-7.942,112.95
1029,263320,Lamongan,16071,2,1830,2,0,1830,3,0,-7.979,113.342
1030,264100,Ebulobo,16157,2,1830,0,0,,,,-8.82,121.18
1031,263310,Tengger Caldera,16021,2,1829,11,5,1829,11,11,-7.942,112.95
1032,263090,Tangkubanparahu,15669,2,1829,4,1,1829,4,4,-6.77,107.6
1033,266100,Lokon-Empung,16443,2,1829,3,0,,,,1.358,124.792
1034,263300,Semeru,15964,2,1829,2,0,,,,-8.108,112.922
1035,263320,Lamongan,16070,2,1829,1,0,1829,2,0,-7.979,113.342
1036,263130,Guntur,15702,2,1829,0,0,,,,-7.143,107.84
1037,261120,Sorikmarapi,15406,2,1829,0,0,,,,0.686,99.539
1038,263250,Merapi,15868,2,1828,12,18,1828,12,19,-7.542,110.442
1039,263130,Guntur,15701,2,1828,5,14,1828,7,8,-7.143,107.84
1040,263130,Guntur,15700,2,1827,5,13,,,,-7.143,107.84
1041,263200,Dieng Volcanic Complex,15774,2,1826,10,11,1826,10,15,-7.2,109.92
1042,263090,Tangkubanparahu,15668,2,1826,10,11,1826,10,11,-6.77,107.6
1043,263280,Kelut,15944,4,1826,10,11,1826,10,25,-7.93,112.308
1044,263320,Lamongan,16069,2,1826,0,0,,,,-7.979,113.342
1045,263310,Tengger Caldera,16020,2,1825,11,5,1825,11,8,-7.942,112.95
1046,263180,Slamet,15731,2,1825,10,0,,,,-7.242,109.208
1047,263130,Guntur,15699,2,1825,6,14,1825,6,15,-7.143,107.84
1048,263200,Dieng Volcanic Complex,13412,2,1825,0,0,,,,-7.2,109.92
1049,263280,Kelut,15942,2,1825,0,0,,,,-7.93,112.308
1050,265090,Banda Api,16414,1,1825,0,0,1831,0,0,-4.523,129.881
1051,267020,Karangetang,16496,2,1825,0,0,,,,2.781,125.407
1052,265090,Banda Api,16413,2,1824,4,22,1824,6,28,-4.523,129.881
1053,263320,Lamongan,16068,2,1824,1,1,1824,1,31,-7.979,113.342
1054,263310,Tengger Caldera,16019,2,1822,12,28,1823,1,5,-7.942,112.95
1055,263250,Merapi,15867,3,1822,12,27,1823,4,6,-7.542,110.442
1056,263140,Galunggung,15718,5,1822,10,8,1822,12,1,-7.25,108.058
1057,261140,Marapi,15419,2,1822,7,23,1822,7,31,-0.381,100.473
1058,263320,Lamongan,16067,2,1821,12,15,1822,1,5,-7.979,113.342
1059,264050,Sangeang Api,16237,2,1821,3,23,,,,-8.2,119.07
1060,264010,Batur,16180,2,1821,3,16,,,,-8.242,115.375
1061,266130,Tangkoko-Duasudara,16475,0,1821,0,0,,,,1.518,125.185
1062,265090,Banda Api,16412,2,1820,6,11,1820,8,8,-4.523,129.881
1063,263310,Tengger Caldera,16018,2,1820,0,0,,,,-7.942,112.95
1064,264040,Tambora,16232,2,1819,8,0,,,,-8.25,118
1065,264230,Lewotolo,16330,2,1819,0,0,,,,-8.272,123.505
1066,266030,Soputan,13726,2,1819,0,0,,,,1.112,124.737
1067,263300,Semeru,15963,2,1818,11,8,,,,-8.108,112.922
1068,263130,Guntur,15698,2,1818,10,21,1818,10,24,-7.143,107.84
1069,263320,Lamongan,13676,2,1818,10,8,,,,-7.979,113.342
1070,263210,Sundoro,15797,2,1818,0,0,,,,-7.3,109.992
1071,261230,Dempo,15549,2,1817,12,31,,,,-4.03,103.13
1072,263340,Raung,16113,4,1817,1,16,1817,2,10,-8.119,114.056
1073,263350,Ijen,16169,2,1817,1,15,1817,2,18,-8.058,114.242
1074,263320,Lamongan,13675,2,1817,0,0,,,,-7.979,113.342
1075,265090,Banda Api,16411,2,1816,10,11,1816,12,0,-4.523,129.881
1076,263130,Guntur,15697,2,1816,9,21,,,,-7.143,107.84
1077,263340,Raung,16112,2,1815,12,31,,,,-8.119,114.056
1078,263130,Guntur,15696,2,1815,8,15,,,,-7.143,107.84
1079,263310,Tengger Caldera,16017,2,1815,4,5,1815,4,17,-7.942,112.95
1080,268060,Gamalama,16621,2,1814,11,27,1814,11,28,0.8,127.33
1081,268060,Gamalama,16620,2,1812,9,7,1812,9,7,0.8,127.33
1082,267040,Awu,16556,4,1812,8,6,1812,8,8,3.67,125.5
1083,263340,Raung,16111,2,1812,0,0,1814,0,0,-8.119,114.056
1084,263250,Merapi,13422,1,1812,0,0,1822,0,0,-7.542,110.442
1085,264040,Tambora,16231,7,1812,0,0,1815,7,15,-8.25,118
1086,263280,Kelut,15941,2,1811,6,5,,,,-7.93,112.308
1087,268060,Gamalama,16619,2,1811,2,1,1811,5,0,0.8,127.33
1088,263250,Merapi,13421,1,1810,0,0,,,,-7.542,110.442
1089,263130,Guntur,15695,2,1809,5,9,,,,-7.143,107.84
1090,263320,Lamongan,13674,2,1808,12,8,,,,-7.979,113.342
1091,267010,Ruang,16477,2,1808,0,0,,,,2.3,125.37
1092,264020,Agung,16207,2,1808,0,0,,,,-8.342,115.508
1093,263130,Guntur,15694,2,1807,9,1,1807,9,6,-7.143,107.84
1094,261140,Marapi,15418,2,1807,0,0,,,,-0.381,100.473
1095,263250,Merapi,15812,1,1807,0,0,,,,-7.542,110.442
1096,263320,Lamongan,16066,2,1806,5,0,,,,-7.979,113.342
1097,263210,Sundoro,15796,2,1806,0,0,,,,-7.3,109.992
1098,263170,Cereme,15727,2,1805,4,0,,,,-6.892,108.4
1099,263310,Tengger Caldera,16016,2,1804,9,0,,,,-7.942,112.95
1100,263340,Raung,16110,2,1804,0,0,,,,-8.119,114.056
1101,264010,Batur,16179,2,1804,0,0,,,,-8.242,115.375
1102,263130,Guntur,15693,2,1803,4,3,1803,4,15,-7.143,107.84
1103,266130,Tangkoko-Duasudara,16474,2,1801,0,0,,,,1.518,125.185
1104,263130,Guntur,15692,,1800,0,0,,,,-7.143,107.84
1105,263320,Lamongan,16065,2,1799,0,0,,,,-7.979,113.342
1106,263240,Merbabu,15809,2,1797,0,0,,,,-7.45,110.43
1107,263250,Merapi,15811,1,1797,0,0,,,,-7.542,110.442
1108,263350,Ijen,16168,2,1796,0,0,,,,-8.058,114.242
1109,263340,Raung,16109,2,1793,0,0,,,,-8.119,114.056
1110,263250,Merapi,15866,2,1791,0,0,,,,-7.542,110.442
1111,266110,Mahawu,16465,2,1789,12,31,,,,1.352,124.865
1112,266110,Mahawu,16464,,1788,0,0,,,,1.352,124.865
1113,263250,Merapi,15865,1,1786,7,17,,,,-7.542,110.442
1114,263200,Dieng Volcanic Complex,15773,2,1786,0,0,,,,-7.2,109.92
1115,266030,Soputan,16303,2,1785,12,31,,,,1.112,124.737
1116,263280,Kelut,15940,2,1785,0,0,,,,-7.93,112.308
1117,263130,Guntur,15691,2,1780,0,0,,,,-7.143,107.84
1118,263050,Salak,15643,2,1780,0,0,,,,-6.72,106.73
1119,265090,Banda Api,16410,2,1778,0,0,,,,-4.523,129.881
1120,263130,Guntur,15690,2,1777,0,0,,,,-7.143,107.84
1121,263280,Kelut,15939,2,1776,0,0,,,,-7.93,112.308
1122,268060,Gamalama,16617,3,1775,8,20,1775,11,6,0.8,127.33
1123,263170,Cereme,15726,2,1775,1,4,,,,-6.892,108.4
1124,265090,Banda Api,16409,2,1775,0,0,,,,-4.523,129.881
1125,266100,Lokon-Empung,16442,3,1775,0,0,,,,1.358,124.792
1126,268060,Gamalama,16616,2,1773,10,21,1774,1,22,0.8,127.33
1127,265090,Banda Api,16408,2,1773,2,6,,,,-4.523,129.881
1128,268060,Gamalama,16615,2,1773,2,2,1773,2,7,0.8,127.33
1129,263100,Papandayan,15685,3,1772,8,12,1772,8,12,-7.32,107.73
1130,263170,Cereme,15725,2,1772,8,11,1772,8,12,-6.892,108.4
1131,263180,Slamet,15730,2,1772,8,11,1772,8,12,-7.242,109.208
1132,268060,Gamalama,16614,3,1771,8,28,1772,10,9,0.8,127.33
1133,263280,Kelut,15938,2,1771,1,10,,,,-7.93,112.308
1134,268060,Gamalama,16613,3,1770,7,6,1770,12,9,0.8,127.33
1135,261140,Marapi,15417,2,1770,0,0,,,,-0.381,100.473
1136,263250,Merapi,15864,2,1768,8,19,,,,-7.542,110.442
1137,265090,Banda Api,16407,2,1765,4,19,1766,10,0,-4.523,129.881
1138,268060,Gamalama,16612,2,1763,0,0,,,,0.8,127.33
1139,265090,Banda Api,16406,2,1762,0,0,,,,-4.523,129.881
1140,263060,Gede-Pangrango,15628,2,1761,0,0,,,,-6.77,106.965
1141,268070,Makian,16682,4,1760,9,22,1761,4,30,0.32,127.4
1142,263250,Merapi,15863,2,1755,0,0,,,,-7.542,110.442
1143,263280,Kelut,15936,2,1752,5,1,,,,-7.93,112.308
1144,263250,Merapi,15862,2,1752,0,0,,,,-7.542,110.442
1145,265090,Banda Api,16405,2,1749,0,0,,,,-4.523,129.881
1146,263060,Gede-Pangrango,15627,3,1747,0,0,1748,0,0,-6.77,106.965
1147,263250,Merapi,15861,2,1745,0,0,,,,-7.542,110.442
1148,268060,Gamalama,16611,2,1739,0,0,,,,0.8,127.33
1149,268060,Gamalama,16610,2,1737,3,10,1737,3,13,0.8,127.33
1150,263220,Sumbing,15805,1,1730,0,0,,,,-7.384,110.07
1151,263340,Raung,16108,3,1730,0,0,,,,-8.119,114.056
1152,265090,Banda Api,16404,2,1722,0,0,,,,-4.523,129.881
1153,268010,Dukono,16574,,1719,0,0,,,,1.693,127.894
1154,263280,Kelut,15935,2,1716,7,20,,,,-7.93,112.308
1155,264050,Sangeang Api,16236,2,1715,0,0,,,,-8.2,119.07
1156,265090,Banda Api,16403,2,1712,5,0,1712,12,0,-4.523,129.881
1157,267020,Karangetang,16495,2,1712,1,16,,,,2.781,125.407
1158,267040,Awu,16555,3,1711,12,10,1711,12,16,3.67,125.5
1159,265030,Gunungapi Wetar,16372,3,1699,0,0,,,,-6.642,126.65
1160,263170,Cereme,15724,3,1698,2,3,,,,-6.892,108.4
1161,265070,Serua,16387,3,1694,0,0,,,,-6.312,130.017
1162,266130,Tangkoko-Duasudara,16473,3,1694,0,0,,,,1.518,125.185
1163,265070,Serua,16386,4,1693,6,4,1693,7,0,-6.312,130.017
1164,265050,Teon,16377,3,1693,0,0,,,,-6.976,129.144
1165,265090,Banda Api,16402,3,1690,0,0,1696,5,22,-4.523,129.881
1166,263130,Guntur,15689,3,1690,0,0,,,,-7.143,107.84
1167,265070,Serua,16384,3,1687,6,15,,,,-6.312,130.017
1168,268060,Gamalama,16609,3,1687,5,10,1687,5,11,0.8,127.33
1169,268060,Gamalama,16608,2,1686,9,0,1686,10,13,0.8,127.33
1170,262000,Krakatau,15473,3,1684,2,1,,,,-6.102,105.423
1171,265070,Serua,16383,3,1683,0,0,,,,-6.312,130.017
1172,265090,Banda Api,16401,3,1683,0,0,,,,-4.523,129.881
1173,266130,Tangkoko-Duasudara,16472,3,1683,0,0,,,,1.518,125.185
1174,262000,Krakatau,15588,3,1680,5,0,1681,11,19,-6.102,105.423
1175,266130,Tangkoko-Duasudara,16471,5,1680,0,0,,,,1.518,125.185
1176,263250,Merapi,15860,3,1678,8,19,,,,-7.542,110.442
1177,263250,Merapi,15859,3,1677,0,0,,,,-7.542,110.442
1178,268060,Gamalama,16607,2,1676,12,31,,,,0.8,127.33
1179,267020,Karangetang,16494,3,1675,0,0,,,,2.781,125.407
1180,264180,Lewotobi,16279,3,1675,0,0,,,,-8.542,122.775
1181,268040,Gamkonora,16584,5,1673,5,20,,,,1.38,127.53
1182,263250,Merapi,15858,3,1672,8,4,,,,-7.542,110.442
1183,264110,Iya,13706,3,1671,0,0,,,,-8.897,121.645
1184,263250,Merapi,15857,3,1663,12,31,,,,-7.542,110.442
1185,265050,Teon,16376,3,1663,1,18,,,,-6.976,129.144
1186,265050,Teon,16375,4,1660,2,0,,,,-6.976,129.144
1187,264230,Lewotolo,16329,3,1660,0,0,,,,-8.272,123.505
1188,265050,Teon,16374,3,1659,11,11,,,,-6.976,129.144
1189,268060,Gamalama,16605,2,1659,6,0,,,,0.8,127.33
1190,263250,Merapi,15856,3,1658,0,0,,,,-7.542,110.442
1191,268060,Gamalama,16604,3,1653,12,31,,,,0.8,127.33
1192,264150,Paluweh,16264,3,1650,0,0,,,,-8.32,121.708
1193,268060,Gamalama,16603,2,1648,6,15,1648,6,18,0.8,127.33
1194,268070,Makian,16680,4,1646,7,19,1646,7,21,0.32,127.4
1195,267040,Awu,16553,2,1646,0,0,,,,3.67,125.5
1196,263280,Kelut,15934,4,1641,0,0,,,,-7.93,112.308
1197,263340,Raung,16107,4,1638,0,0,,,,-8.119,114.056
1198,265090,Banda Api,16400,1,1635,11,18,,,,-4.523,129.881
1199,268060,Gamalama,16601,2,1635,3,29,,,,0.8,127.33
1200,265090,Banda Api,16399,3,1632,12,16,,,,-4.523,129.881
1201,265090,Banda Api,16398,3,1615,3,16,1615,4,0,-4.523,129.881
1202,265090,Banda Api,16397,3,1609,0,0,,,,-4.523,129.881
1203,268060,Gamalama,16600,3,1608,7,18,1608,7,19,0.8,127.33
1204,268060,Gamalama,16599,2,1605,5,0,,,,0.8,127.33
1205,265090,Banda Api,16396,3,1598,0,0,1602,0,0,-4.523,129.881
1206,263340,Raung,16106,3,1597,1,17,1597,2,2,-8.119,114.056
1207,263340,Raung,16105,5,1593,0,0,,,,-8.119,114.056
1208,263310,Tengger Caldera,16012,2,1590,0,0,,,,-7.942,112.95
1209,263250,Merapi,15855,3,1587,0,0,,,,-7.542,110.442
1210,265090,Banda Api,16395,3,1586,4,17,,,,-4.523,129.881
1211,263280,Kelut,15933,5,1586,0,0,,,,-7.93,112.308
1212,263250,Merapi,15853,3,1584,0,0,,,,-7.542,110.442
1213,268040,Gamkonora,16583,3,1564,12,31,,,,1.38,127.53
1214,268060,Gamalama,16598,2,1561,12,31,,,,0.8,127.33
1215,263240,Merbabu,15806,,1560,0,0,,,,-7.45,110.43
1216,263250,Merapi,15852,3,1560,0,0,,,,-7.542,110.442
1217,263250,Merapi,15851,3,1554,0,0,,,,-7.542,110.442
1218,268010,Dukono,16573,3,1550,11,20,,,,1.693,127.894
1219,268070,Makian,16678,3,1550,0,0,,,,0.32,127.4
1220,263250,Merapi,15850,3,1548,0,0,,,,-7.542,110.442
1221,263280,Kelut,15932,3,1548,0,0,,,,-7.93,112.308
1222,268060,Gamalama,16490,3,1538,0,0,,,,0.8,127.33
1223,262000,Krakatau,15587,,1530,0,0,,,,-6.102,105.423
1224,265030,Gunungapi Wetar,16371,3,1512,0,0,,,,-6.642,126.65
1225,264050,Sangeang Api,16235,3,1512,0,0,,,,-8.2,119.07
1226,268060,Gamalama,16597,3,1510,0,0,,,,0.8,127.33
1227,261020,Seulawah Agam,15389,2,1510,0,0,,,,5.448,95.658
1228,263280,Kelut,15930,3,1481,0,0,,,,-7.93,112.308
1229,263250,Merapi,15849,,1480,0,0,,,,-7.542,110.442
1230,263280,Kelut,15929,3,1462,0,0,,,,-7.93,112.308
1231,263280,Kelut,15928,3,1451,0,0,,,,-7.93,112.308
1232,263280,Kelut,15927,3,1450,0,0,,,,-7.93,112.308
1233,266030,Soputan,16302,3,1450,0,0,,,,1.112,124.737
1234,263250,Merapi,15845,,1440,0,0,,,,-7.542,110.442
1235,263280,Kelut,15070,3,1411,0,0,,,,-7.93,112.308
1236,263280,Kelut,15069,3,1395,0,0,,,,-7.93,112.308
1237,263280,Kelut,15068,3,1385,0,0,,,,-7.93,112.308
1238,263250,Merapi,15844,,1380,0,0,,,,-7.542,110.442
1239,263280,Kelut,15067,3,1376,0,0,,,,-7.93,112.308
1240,266100,Lokon-Empung,16441,3,1375,0,0,,,,1.358,124.792
1241,263200,Dieng Volcanic Complex,15770,3,1375,0,0,,,,-7.2,109.92
1242,263280,Kelut,10423,3,1334,0,0,,,,-7.93,112.308
1243,262000,Krakatau,15586,,1320,0,0,,,,-6.102,105.423
1244,263280,Kelut,10422,3,1311,0,0,,,,-7.93,112.308
1245,263250,Merapi,15843,,1300,0,0,,,,-7.542,110.442
1246,264030,Rinjani,20843,7,1257,7,1,,,,-8.42,116.47
1247,263250,Merapi,15842,,1230,0,0,,,,-7.542,110.442
1248,263250,Merapi,15841,,1190,0,0,,,,-7.542,110.442
1249,263200,Dieng Volcanic Complex,15769,,1180,0,0,,,,-7.2,109.92
1250,262000,Krakatau,15585,,1150,0,0,,,,-6.102,105.423
1251,263250,Merapi,15840,,1140,0,0,,,,-7.542,110.442
1252,263250,Merapi,15838,,1090,0,0,,,,-7.542,110.442
1253,262000,Krakatau,15584,,1050,0,0,,,,-6.102,105.423
1254,263250,Merapi,15837,,1010,0,0,,,,-7.542,110.442
1255,263280,Kelut,15912,3,1000,0,0,,,,-7.93,112.308
1256,262000,Krakatau,15583,,950,0,0,,,,-6.102,105.423
1257,263250,Merapi,15835,3,940,0,0,,,,-7.542,110.442
1258,263250,Merapi,15834,,870,0,0,,,,-7.542,110.442
1259,262000,Krakatau,15582,,850,0,0,,,,-6.102,105.423
1260,264040,Tambora,16230,,740,0,0,,,,-8.25,118
1261,263250,Merapi,15833,,680,0,0,,,,-7.542,110.442
1262,263250,Merapi,15832,,630,0,0,,,,-7.542,110.442
1263,263250,Merapi,15831,,540,0,0,,,,-7.542,110.442
1264,263250,Merapi,15829,,480,0,0,,,,-7.542,110.442
1265,263210,Sundoro,15795,,470,0,0,,,,-7.3,109.992
1266,262000,Krakatau,15581,4,416,0,0,,,,-6.102,105.423
1267,263250,Merapi,15828,3,410,0,0,,,,-7.542,110.442
1268,263310,Tengger Caldera,16011,3,330,0,0,,,,-7.942,112.95
1269,263250,Merapi,15827,,280,0,0,,,,-7.542,110.442
1270,262000,Krakatau,15580,,250,0,0,,,,-6.102,105.423
1271,263210,Sundoro,15794,,230,0,0,,,,-7.3,109.992
1272,263310,Tengger Caldera,16010,2,190,0,0,,,,-7.942,112.95
1273,263250,Merapi,15826,,190,0,0,,,,-7.542,110.442
1274,263250,Merapi,15825,,120,0,0,,,,-7.542,110.442
1275,263250,Merapi,15824,4,20,0,0,,,,-7.542,110.442
1276,263200,Dieng Volcanic Complex,15768,0,-50,0,0,,,,-7.2,109.92
1277,263251,Muria,15810,,-160,0,0,,,,-6.62,110.88
1278,263280,Kelut,15911,,-230,0,0,,,,-7.93,112.308
1279,263250,Merapi,15823,3,-340,0,0,,,,-7.542,110.442
1280,263200,Dieng Volcanic Complex,15767,,-500,0,0,,,,-7.2,109.92
1281,264030,Rinjani,20844,,-600,,,,,,-8.42,116.47
1282,263350,Ijen,16167,,-640,0,0,,,,-8.058,114.242
1283,263250,Merapi,15822,,-700,0,0,,,,-7.542,110.442
1284,263310,Tengger Caldera,16009,4,-830,0,0,,,,-7.942,112.95
1285,263250,Merapi,15821,,-1010,0,0,,,,-7.542,110.442
1286,263250,Merapi,15820,4,-1180,0,0,,,,-7.542,110.442
1287,263250,Merapi,15819,,-1410,0,0,,,,-7.542,110.442
1288,263250,Merapi,15818,,-1770,0,0,,,,-7.542,110.442
1289,263250,Merapi,15817,,-1890,0,0,,,,-7.542,110.442
1290,263140,Galunggung,15716,5,-2250,0,0,,,,-7.25,108.058
1291,263250,Merapi,15816,,-2910,0,0,,,,-7.542,110.442
1292,264040,Tambora,16229,,-3050,0,0,,,,-8.25,118
1293,264040,Tambora,16228,,-3910,0,0,,,,-8.25,118
1294,263250,Merapi,15815,,-4690,0,0,,,,-7.542,110.442
1295,263310,Tengger Caldera,16008,,-5260,0,0,,,,-7.942,112.95
1296,263040,Perbakti-Gagak,15635,,-6450,0,0,,,,-6.75,106.7
1297,263200,Dieng Volcanic Complex,15766,0,-6590,0,0,,,,-7.2,109.92
1298,263250,Merapi,15814,,-7310,0,0,,,,-7.542,110.442
1299,263090,Tangkubanparahu,15667,,-7500,0,0,,,,-6.77,107.6
1300,263090,Tangkubanparahu,15666,,-8020,0,0,,,,-6.77,107.6
1301,264080,Inierie,16256,,-8050,0,0,,,,-8.875,120.95
1302,263250,Merapi,15813,,-8780,0,0,,,,-7.542,110.442
1303,264030,Rinjani,22173,,,,,,,,-8.42,116.47
